VCAC,2011-02-03T09:00:00Z,20.31,18.43,18.43,20.72,0.0
VCAC,2011-02-04T09:00:00Z,19.61,19.51,18.71,19.93,0.0
VCAC,2011-02-07T09:00:00Z,18.86,18.57,18.37,19.65,0.0
VCAC,2011-02-08T09:00:00Z,18.78,18.18,18.02,19.23,0.0
VCAC,2011-02-09T09:00:00Z,18.75,20.13,18.14,20.13,0.0
VCAC,2011-02-10T09:00:00Z,18.44,22.76,17.87,22.76,0.0
VCAC,2011-02-11T09:00:00Z,18.31,18.72,18.06,19.54,0.0
VCAC,2011-02-14T09:00:00Z,19.05,17.24,17.24,19.55,0.0
VCAC,2011-02-15T09:00:00Z,18.55,17.66,17.5,19.98,0.0
VCAC,2011-02-16T09:00:00Z,17.97,16.12,16.12,18.36,0.0
VCAC,2011-02-17T09:00:00Z,18.59,16.94,16.94,18.97,0.0
VCAC,2011-02-18T09:00:00Z,17.87,17.03,17.02,19.51,0.0
VCAC,2011-02-21T09:00:00Z,19.84,15.6,15.6,19.99,0.0
VCAC,2011-02-22T09:00:00Z,21.07,18.53,18.53,22.15,0.0
VCAC,2011-02-23T09:00:00Z,22.3,19.78,19.77,22.75,0.0
VCAC,2011-02-24T09:00:00Z,22.44,22.55,21.28,23.78,0.0
VCAC,2011-02-25T09:00:00Z,20.59,21.95,18.61,22.38,0.0
VCAC,2011-02-28T09:00:00Z,20.37,20.59,18.43,21.92,0.0
VCAC,2011-03-01T09:00:00Z,21.69,17.26,17.18,22.23,0.0
VCAC,2011-03-02T09:00:00Z,22.03,21.66,20.02,23.93,0.0
VCAC,2011-03-03T09:00:00Z,21.37,17.16,17.14,22.29,0.0
VCAC,2011-03-04T09:00:00Z,21.33,20.14,19.84,21.98,0.0
VCAC,2011-03-07T09:00:00Z,22.0,22.43,20.94,22.95,0.0
VCAC,2011-03-08T09:00:00Z,21.24,20.13,20.12,23.09,0.0
VCAC,2011-03-09T09:00:00Z,21.28,20.81,20.74,21.89,0.0
VCAC,2011-03-10T09:00:00Z,22.27,22.26,22.21,22.58,0.0
VCAC,2011-03-11T09:00:00Z,23.28,24.01,19.57,24.3,0.0
VCAC,2011-03-14T09:00:00Z,24.8,21.24,21.09,25.07,0.0
VCAC,2011-03-15T09:00:00Z,28.35,23.54,23.54,32.5,0.0
VCAC,2011-03-16T09:00:00Z,33.38,26.97,22.27,33.38,0.0
VCAC,2011-03-17T09:00:00Z,26.33,29.16,24.14,29.87,0.0
VCAC,2011-03-18T09:00:00Z,25.39,24.92,22.27,25.87,0.0
VCAC,2011-03-21T09:00:00Z,22.36,19.92,19.92,24.4,0.0
VCAC,2011-03-22T09:00:00Z,21.62,20.42,20.4,22.34,0.0
VCAC,2011-03-23T09:00:00Z,21.33,17.43,17.43,22.69,0.0
VCAC,2011-03-24T09:00:00Z,20.02,20.19,18.2,21.83,0.0
VCAC,2011-03-25T09:00:00Z,19.9,18.39,18.32,20.57,0.0
VCAC,2011-03-28T08:00:00Z,20.24,19.06,19.04,21.04,0.0
VCAC,2011-03-29T08:00:00Z,20.17,18.29,18.29,21.45,0.0
VCAC,2011-03-30T08:00:00Z,20.03,16.98,16.98,20.27,0.0
VCAC,2011-03-31T08:00:00Z,20.1,16.83,16.8,20.76,0.0
VCAC,2011-04-01T08:00:00Z,18.66,17.07,17.06,20.26,0.0
VCAC,2011-04-04T08:00:00Z,18.72,18.04,18.04,19.52,0.0
VCAC,2011-04-05T08:00:00Z,18.6,16.7,16.7,19.87,0.0
VCAC,2011-04-06T08:00:00Z,18.27,17.3,17.3,19.21,0.0
VCAC,2011-04-07T08:00:00Z,17.45,16.55,14.44,17.52,0.0
VCAC,2011-04-08T08:00:00Z,16.42,15.7,13.93,17.25,0.0
VCAC,2011-04-11T08:00:00Z,16.95,16.6,15.64,18.35,0.0
VCAC,2011-04-12T08:00:00Z,20.59,16.86,16.03,21.84,0.0
VCAC,2011-04-13T08:00:00Z,19.65,18.77,17.14,20.94,0.0
VCAC,2011-04-14T08:00:00Z,19.43,18.52,17.95,21.8,0.0
VCAC,2011-04-15T08:00:00Z,17.69,16.82,16.81,20.38,0.0
VCAC,2011-04-18T08:00:00Z,21.02,18.75,17.59,21.72,0.0
VCAC,2011-04-19T08:00:00Z,19.0,18.04,18.02,20.04,0.0
VCAC,2011-04-20T08:00:00Z,17.12,16.74,16.28,17.46,0.0
VCAC,2011-04-21T08:00:00Z,17.29,17.29,17.29,17.29,0.0
VCAC,2011-04-26T08:00:00Z,17.65,14.93,14.35,18.95,0.0
VCAC,2011-04-27T08:00:00Z,18.01,14.03,14.02,18.39,0.0
VCAC,2011-04-28T08:00:00Z,17.55,13.65,13.65,18.09,0.0
VCAC,2011-04-29T08:00:00Z,17.46,14.42,14.42,17.59,0.0
VCAC,2011-05-02T08:00:00Z,18.03,15.98,15.98,18.16,0.0
VCAC,2011-05-03T08:00:00Z,18.61,16.9,16.89,19.16,0.0
VCAC,2011-05-04T08:00:00Z,20.08,15.78,15.78,20.72,0.0
VCAC,2011-05-05T08:00:00Z,20.41,16.85,16.7,21.42,0.0
VCAC,2011-05-06T08:00:00Z,18.52,17.11,16.56,21.12,0.0
VCAC,2011-05-09T08:00:00Z,20.48,17.16,17.16,21.07,0.0
VCAC,2011-05-10T08:00:00Z,19.75,18.7,18.7,20.0,0.0
VCAC,2011-05-11T08:00:00Z,19.26,17.32,17.32,19.64,0.0
VCAC,2011-05-12T08:00:00Z,20.71,19.12,18.86,22.11,0.0
VCAC,2011-05-13T08:00:00Z,20.87,20.03,18.66,21.61,0.0
VCAC,2011-05-16T08:00:00Z,21.13,20.51,18.4,22.49,0.0
VCAC,2011-05-17T08:00:00Z,21.69,20.35,19.6,21.76,0.0
VCAC,2011-05-18T08:00:00Z,20.74,20.92,20.34,22.75,0.0
VCAC,2011-05-19T08:00:00Z,19.44,18.98,18.61,20.6,0.0
VCAC,2011-05-20T08:00:00Z,20.58,17.73,17.7,20.74,0.0
VCAC,2011-05-23T08:00:00Z,22.15,22.28,20.62,22.91,0.0
VCAC,2011-05-24T08:00:00Z,21.59,21.99,20.86,22.29,0.0
VCAC,2011-05-25T08:00:00Z,20.52,21.96,20.11,22.76,0.0
VCAC,2011-05-26T08:00:00Z,20.56,19.51,16.14,21.12,0.0
VCAC,2011-05-27T08:00:00Z,20.04,18.54,18.5,20.96,0.0
VCAC,2011-05-30T08:00:00Z,20.13,17.81,17.81,20.42,0.0
VCAC,2011-05-31T08:00:00Z,18.66,18.58,18.38,19.91,0.0
VCAC,2011-06-01T08:00:00Z,19.06,17.43,13.82,19.45,0.0
VCAC,2011-06-02T08:00:00Z,20.81,19.9,19.72,20.82,0.0
VCAC,2011-06-03T08:00:00Z,21.0,20.58,20.3,21.92,0.0
VCAC,2011-06-06T08:00:00Z,21.54,21.66,20.66,21.95,0.0
VCAC,2011-06-07T08:00:00Z,20.87,21.5,20.66,21.57,0.0
VCAC,2011-06-08T08:00:00Z,21.01,20.96,20.85,22.17,0.0
VCAC,2011-06-09T08:00:00Z,19.9,20.86,19.76,22.05,0.0
VCAC,2011-06-10T08:00:00Z,21.24,19.63,19.42,21.65,0.0
VCAC,2011-06-13T08:00:00Z,21.55,21.31,20.93,21.94,0.0
VCAC,2011-06-14T08:00:00Z,19.8,20.76,19.12,20.76,0.0
VCAC,2011-06-15T08:00:00Z,21.71,19.45,19.18,21.71,0.0
VCAC,2011-06-16T08:00:00Z,22.48,22.53,22.41,23.88,0.0
VCAC,2011-06-17T08:00:00Z,22.2,23.18,21.19,25.16,0.0
VCAC,2011-06-20T08:00:00Z,23.53,25.04,23.12,25.6,0.0
VCAC,2011-06-21T08:00:00Z,22.59,22.67,20.39,23.0,0.0
VCAC,2011-06-22T08:00:00Z,21.59,22.58,21.43,22.58,0.0
VCAC,2011-06-23T08:00:00Z,24.69,21.84,17.18,25.5,0.0
VCAC,2011-06-24T08:00:00Z,24.63,23.05,19.19,25.86,0.0
VCAC,2011-06-27T08:00:00Z,26.07,23.14,23.12,26.55,0.0
VCAC,2011-06-28T08:00:00Z,25.46,19.19,19.19,26.56,0.0
VCAC,2011-06-29T08:00:00Z,22.21,18.95,18.95,24.72,0.0
VCAC,2011-06-30T08:00:00Z,20.06,20.74,19.75,21.74,0.0
VCAC,2011-07-01T08:00:00Z,18.51,19.32,16.66,19.37,0.0
VCAC,2011-07-04T08:00:00Z,18.64,19.14,18.4,19.19,0.0
VCAC,2011-07-05T08:00:00Z,19.06,16.0,16.0,19.24,0.0
VCAC,2011-07-06T08:00:00Z,19.95,19.08,18.49,20.34,0.0
VCAC,2011-07-07T08:00:00Z,18.55,22.24,15.6,22.24,0.0
VCAC,2011-07-08T08:00:00Z,21.35,14.29,14.29,22.24,0.0
VCAC,2011-07-11T08:00:00Z,25.0,21.81,18.56,25.92,0.0
VCAC,2011-07-12T08:00:00Z,27.46,31.89,20.42,32.2,0.0
VCAC,2011-07-13T08:00:00Z,25.67,28.85,23.02,28.85,0.0
VCAC,2011-07-14T08:00:00Z,25.7,27.16,24.15,29.03,0.0
VCAC,2011-07-15T08:00:00Z,27.14,24.42,24.19,28.83,0.0
VCAC,2011-07-18T08:00:00Z,29.21,27.54,25.37,29.84,0.0
VCAC,2011-07-19T08:00:00Z,27.1,28.37,25.48,28.48,0.0
VCAC,2011-07-20T08:00:00Z,25.87,24.78,24.64,26.64,0.0
VCAC,2011-07-21T08:00:00Z,22.04,24.36,21.62,27.98,0.0
VCAC,2011-07-22T08:00:00Z,20.1,19.26,19.2,21.12,0.0
VCAC,2011-07-25T08:00:00Z,21.89,19.98,19.92,22.23,0.0
VCAC,2011-07-26T08:00:00Z,22.25,19.61,19.57,23.0,0.0
VCAC,2011-07-27T08:00:00Z,23.61,20.2,20.2,24.57,0.0
VCAC,2011-07-28T08:00:00Z,24.07,24.26,23.31,25.39,0.0
VCAC,2011-07-29T08:00:00Z,25.23,25.02,24.24,26.96,0.0
VCAC,2011-08-01T08:00:00Z,26.22,23.71,21.7,27.62,0.0
VCAC,2011-08-02T08:00:00Z,27.06,26.08,25.4,28.35,0.0
VCAC,2011-08-03T08:00:00Z,27.7,27.85,25.76,28.9,0.0
VCAC,2011-08-04T08:00:00Z,30.26,25.49,25.48,30.47,0.0
VCAC,2011-08-05T08:00:00Z,36.4,36.4,36.4,36.4,0.0
VCAC,2011-08-09T08:00:00Z,42.99,42.99,42.99,42.99,0.0
VCAC,2011-08-10T08:00:00Z,45.12,45.12,45.12,45.12,0.0
VCAC,2011-08-11T08:00:00Z,44.05,44.05,44.05,44.05,0.0
VCAC,2011-08-12T08:00:00Z,42.56,42.56,42.56,42.56,0.0
VCAC,2011-08-15T08:00:00Z,37.09,37.09,37.09,37.09,0.0
VCAC,2011-08-16T08:00:00Z,36.17,36.17,36.17,36.17,0.0
VCAC,2011-08-17T08:00:00Z,32.31,32.31,32.31,32.31,0.0
VCAC,2011-08-18T08:00:00Z,40.23,40.23,40.23,40.23,0.0
VCAC,2011-08-19T08:00:00Z,40.58,40.58,40.58,40.58,0.0
VCAC,2011-08-22T08:00:00Z,42.55,42.55,42.55,42.55,0.0
VCAC,2011-08-23T08:00:00Z,41.31,41.31,41.31,41.31,0.0
VCAC,2011-08-24T08:00:00Z,33.34,33.34,33.34,33.34,0.0
VCAC,2011-08-25T08:00:00Z,37.22,37.22,37.22,37.22,0.0
VCAC,2011-08-26T08:00:00Z,39.51,39.51,39.51,39.51,0.0
VCAC,2011-08-29T08:00:00Z,35.22,35.22,35.22,35.22,0.0
VCAC,2011-08-30T08:00:00Z,33.74,33.74,33.74,33.74,0.0
VCAC,2011-08-31T08:00:00Z,32.65,32.65,32.65,32.65,0.0
VCAC,2011-09-01T08:00:00Z,31.26,31.26,31.26,31.26,0.0
VCAC,2011-09-02T08:00:00Z,37.54,37.54,37.54,37.54,0.0
VCAC,2011-09-05T08:00:00Z,41.87,41.87,41.87,41.87,0.0
VCAC,2011-09-06T08:00:00Z,43.86,43.86,43.86,43.86,0.0
VCAC,2011-09-07T08:00:00Z,40.04,40.04,40.04,40.04,0.0
VCAC,2011-09-08T08:00:00Z,39.81,29.82,29.77,45.19,0.0
VCAC,2011-09-09T08:00:00Z,48.04,42.14,39.38,51.03,0.0
VCAC,2011-09-12T08:00:00Z,55.59,42.88,41.27,59.1,0.0
VCAC,2011-09-13T08:00:00Z,49.25,50.37,45.41,53.5,0.0
VCAC,2011-09-14T08:00:00Z,45.33,48.96,44.69,50.13,0.0
VCAC,2011-09-15T08:00:00Z,41.38,42.72,38.14,45.19,0.0
VCAC,2011-09-16T08:00:00Z,41.6,38.94,38.56,42.74,0.0
VCAC,2011-09-19T08:00:00Z,43.59,44.24,42.51,45.61,0.0
VCAC,2011-09-20T08:00:00Z,40.96,40.29,38.34,44.11,0.0
VCAC,2011-09-21T08:00:00Z,41.42,39.53,39.08,41.87,0.0
VCAC,2011-09-22T08:00:00Z,46.24,42.06,42.02,47.4,0.0
VCAC,2011-09-23T08:00:00Z,46.24,39.86,38.63,49.26,0.0
VCAC,2011-09-26T08:00:00Z,46.43,38.43,38.41,49.0,0.0
VCAC,2011-09-27T08:00:00Z,42.4,42.56,41.29,44.43,0.0
VCAC,2011-09-28T08:00:00Z,44.13,36.09,36.09,44.17,0.0
VCAC,2011-09-29T08:00:00Z,41.6,36.83,36.83,43.95,0.0
VCAC,2011-09-30T08:00:00Z,41.46,36.48,36.46,42.79,0.0
VCAC,2011-10-03T08:00:00Z,44.88,42.69,34.93,47.58,0.0
VCAC,2011-10-04T08:00:00Z,43.84,42.56,42.56,48.69,0.0
VCAC,2011-10-05T08:00:00Z,43.27,43.11,40.83,46.35,0.0
VCAC,2011-10-06T08:00:00Z,40.34,38.51,38.14,42.3,0.0
VCAC,2011-10-07T08:00:00Z,37.76,37.64,36.72,39.92,0.0
VCAC,2011-10-10T08:00:00Z,34.65,35.7,33.43,38.25,0.0
VCAC,2011-10-11T08:00:00Z,34.53,32.05,32.05,36.82,0.0
VCAC,2011-10-12T08:00:00Z,32.77,34.2,32.16,35.24,0.0
VCAC,2011-10-13T08:00:00Z,34.54,32.66,31.53,35.6,0.0
VCAC,2011-10-14T08:00:00Z,31.97,34.29,30.12,35.25,0.0
VCAC,2011-10-17T08:00:00Z,35.2,31.79,29.96,35.67,0.0
VCAC,2011-10-18T08:00:00Z,34.86,34.33,29.57,39.56,0.0
VCAC,2011-10-19T08:00:00Z,35.53,33.53,33.09,36.11,0.0
VCAC,2011-10-20T08:00:00Z,39.25,32.95,32.95,42.1,0.0
VCAC,2011-10-21T08:00:00Z,38.09,37.89,35.3,40.11,0.0
VCAC,2011-10-24T08:00:00Z,34.38,34.5,34.38,36.89,0.0
VCAC,2011-10-25T08:00:00Z,34.76,33.47,31.74,35.98,0.0
VCAC,2011-10-26T08:00:00Z,33.14,31.83,31.83,36.44,0.0
VCAC,2011-10-27T08:00:00Z,27.75,28.71,27.06,30.16,0.0
VCAC,2011-10-28T08:00:00Z,27.82,26.38,25.48,28.05,0.0
VCAC,2011-10-31T09:00:00Z,32.61,28.94,28.89,32.84,0.0
VCAC,2011-11-01T09:00:00Z,35.15,33.17,33.17,39.26,0.0
VCAC,2011-11-02T09:00:00Z,37.23,35.21,35.2,38.97,0.0
VCAC,2011-11-03T09:00:00Z,36.26,40.46,32.26,40.89,0.0
VCAC,2011-11-04T09:00:00Z,40.78,32.74,32.71,41.19,0.0
VCAC,2011-11-07T09:00:00Z,37.16,37.39,36.71,38.85,0.0
VCAC,2011-11-08T09:00:00Z,35.81,36.43,34.4,37.79,0.0
VCAC,2011-11-09T09:00:00Z,38.87,34.12,32.95,39.95,0.0
VCAC,2011-11-10T09:00:00Z,41.5,42.03,36.87,43.2,0.0
VCAC,2011-11-11T09:00:00Z,37.97,39.47,34.8,41.21,0.0
VCAC,2011-11-14T09:00:00Z,36.22,35.73,35.15,38.73,0.0
VCAC,2011-11-15T09:00:00Z,37.52,38.35,35.67,40.8,0.0
VCAC,2011-11-16T09:00:00Z,34.39,37.79,34.38,38.86,0.0
VCAC,2011-11-17T09:00:00Z,37.22,36.54,34.4,38.3,0.0
VCAC,2011-11-18T09:00:00Z,36.3,37.49,35.68,37.74,0.0
VCAC,2011-11-21T09:00:00Z,39.15,36.08,36.08,39.84,0.0
VCAC,2011-11-22T09:00:00Z,37.85,34.5,33.87,38.52,0.0
VCAC,2011-11-23T09:00:00Z,39.18,38.59,32.53,39.18,0.0
VCAC,2011-11-24T09:00:00Z,38.07,37.72,37.08,40.2,0.0
VCAC,2011-11-25T09:00:00Z,38.43,37.7,37.32,39.59,0.0
VCAC,2011-11-28T09:00:00Z,36.59,36.14,34.96,38.25,0.0
VCAC,2011-11-29T09:00:00Z,36.13,32.42,32.42,37.84,0.0
VCAC,2011-11-30T09:00:00Z,33.38,33.2,30.98,37.38,0.0
VCAC,2011-12-01T09:00:00Z,33.63,31.82,31.82,35.38,0.0
VCAC,2011-12-02T09:00:00Z,31.69,30.18,30.04,33.29,0.0
VCAC,2011-12-05T09:00:00Z,32.68,31.49,31.49,33.99,0.0
VCAC,2011-12-06T09:00:00Z,33.54,32.76,32.69,34.82,0.0
VCAC,2011-12-07T09:00:00Z,34.0,32.24,31.09,35.87,0.0
VCAC,2011-12-08T09:00:00Z,29.91,33.73,28.44,38.44,0.0
VCAC,2011-12-09T09:00:00Z,27.89,37.47,27.87,38.22,0.0
VCAC,2011-12-12T09:00:00Z,33.55,32.16,30.4,35.19,0.0
VCAC,2011-12-13T09:00:00Z,30.52,32.28,28.66,33.41,0.0
VCAC,2011-12-14T09:00:00Z,29.81,30.14,27.12,31.32,0.0
VCAC,2011-12-15T09:00:00Z,29.87,31.44,29.18,31.59,0.0
VCAC,2011-12-16T09:00:00Z,29.99,29.49,27.51,31.13,0.0
VCAC,2011-12-19T09:00:00Z,29.96,29.94,28.42,31.42,0.0
VCAC,2011-12-20T09:00:00Z,28.02,29.33,27.3,29.39,0.0
VCAC,2011-12-21T09:00:00Z,28.08,26.22,25.29,28.44,0.0
VCAC,2011-12-22T09:00:00Z,26.58,27.1,25.4,27.64,0.0
VCAC,2011-12-23T09:00:00Z,26.82,26.82,26.82,26.82,0.0
VCAC,2011-12-27T09:00:00Z,27.64,25.5,25.32,28.31,0.0
VCAC,2011-12-28T09:00:00Z,29.68,25.48,25.48,29.81,0.0
VCAC,2011-12-29T09:00:00Z,28.63,26.67,26.67,30.95,0.0
VCAC,2011-12-30T09:00:00Z,28.85,28.58,28.11,31.49,0.0
VCAC,2012-01-02T09:00:00Z,29.18,28.98,28.77,30.86,0.0
VCAC,2012-01-03T09:00:00Z,28.25,28.28,28.03,29.93,0.0
VCAC,2012-01-04T09:00:00Z,28.28,28.28,27.59,28.79,0.0
VCAC,2012-01-05T09:00:00Z,27.97,27.59,27.44,29.64,0.0
VCAC,2012-01-06T09:00:00Z,27.8,27.68,26.36,28.63,0.0
VCAC,2012-01-09T09:00:00Z,28.94,28.19,25.21,29.42,0.0
VCAC,2012-01-10T09:00:00Z,26.45,27.01,26.41,28.06,0.0
VCAC,2012-01-11T09:00:00Z,26.43,26.48,25.92,27.03,0.0
VCAC,2012-01-12T09:00:00Z,26.46,27.39,25.44,27.6,0.0
VCAC,2012-01-13T09:00:00Z,25.0,26.17,24.75,28.75,0.0
VCAC,2012-01-16T09:00:00Z,26.33,27.83,26.31,28.35,0.0
VCAC,2012-01-17T09:00:00Z,26.17,25.46,25.46,26.41,0.0
VCAC,2012-01-18T09:00:00Z,26.38,25.98,25.36,26.95,0.0
VCAC,2012-01-19T09:00:00Z,24.9,25.33,24.81,25.79,0.0
VCAC,2012-01-20T09:00:00Z,23.47,24.75,23.47,25.3,0.0
VCAC,2012-01-23T09:00:00Z,23.58,24.34,23.32,24.58,0.0
VCAC,2012-01-24T09:00:00Z,23.36,23.8,23.35,24.42,0.0
VCAC,2012-01-25T09:00:00Z,22.99,22.53,22.53,24.4,0.0
VCAC,2012-01-26T09:00:00Z,22.15,22.61,21.84,22.99,0.0
VCAC,2012-01-27T09:00:00Z,22.54,22.42,21.91,22.84,0.0
VCAC,2012-01-30T09:00:00Z,24.85,24.09,23.88,25.03,0.0
VCAC,2012-01-31T09:00:00Z,24.16,24.1,22.46,24.31,0.0
VCAC,2012-02-01T09:00:00Z,22.71,23.91,22.53,23.99,0.0
VCAC,2012-02-02T09:00:00Z,22.84,22.25,22.11,23.34,0.0
VCAC,2012-02-03T09:00:00Z,21.57,22.92,19.62,23.19,0.0
VCAC,2012-02-06T09:00:00Z,22.96,22.38,22.38,23.65,0.0
VCAC,2012-02-07T09:00:00Z,23.34,22.75,22.64,24.3,0.0
VCAC,2012-02-08T09:00:00Z,23.48,23.04,22.86,23.5,0.0
VCAC,2012-02-09T09:00:00Z,23.01,22.48,21.63,23.42,0.0
VCAC,2012-02-10T09:00:00Z,25.06,23.81,23.02,25.67,0.0
VCAC,2012-02-13T09:00:00Z,24.69,24.86,23.5,25.31,0.0
VCAC,2012-02-14T09:00:00Z,24.63,24.66,23.2,24.92,0.0
VCAC,2012-02-15T09:00:00Z,24.49,23.51,23.05,24.58,0.0
VCAC,2012-02-16T09:00:00Z,24.87,25.11,24.86,26.41,0.0
VCAC,2012-02-17T09:00:00Z,23.09,23.41,22.31,24.02,0.0
VCAC,2012-02-20T09:00:00Z,22.8,23.3,22.69,23.37,0.0
VCAC,2012-02-21T09:00:00Z,22.1,22.28,22.04,23.11,0.0
VCAC,2012-02-22T09:00:00Z,22.14,21.89,21.38,22.64,0.0
VCAC,2012-02-23T09:00:00Z,22.1,21.61,21.31,23.07,0.0
VCAC,2012-02-24T09:00:00Z,20.79,20.5,20.04,21.62,0.0
VCAC,2012-02-27T09:00:00Z,22.66,21.99,21.99,23.4,0.0
VCAC,2012-02-28T09:00:00Z,22.19,22.23,21.9,23.32,0.0
VCAC,2012-02-29T09:00:00Z,21.8,21.54,20.0,23.28,0.0
VCAC,2012-03-01T09:00:00Z,20.77,21.87,20.71,22.5,0.0
VCAC,2012-03-02T09:00:00Z,20.39,20.8,20.19,20.93,0.0
VCAC,2012-03-05T09:00:00Z,21.69,21.45,20.18,22.38,0.0
VCAC,2012-03-06T09:00:00Z,26.4,21.99,21.73,26.94,0.0
VCAC,2012-03-07T09:00:00Z,26.02,26.97,25.86,27.28,0.0
VCAC,2012-03-08T09:00:00Z,22.12,24.68,21.97,25.06,0.0
VCAC,2012-03-09T09:00:00Z,19.98,21.59,18.91,22.86,0.0
VCAC,2012-03-12T09:00:00Z,20.32,21.18,19.87,21.5,0.0
VCAC,2012-03-13T09:00:00Z,18.76,18.94,14.44,19.83,0.0
VCAC,2012-03-14T09:00:00Z,19.08,17.98,17.8,19.27,0.0
VCAC,2012-03-15T09:00:00Z,18.42,18.63,17.97,19.37,0.0
VCAC,2012-03-16T09:00:00Z,17.65,17.46,15.5,18.28,0.0
VCAC,2012-03-19T09:00:00Z,17.94,17.96,17.91,18.96,0.0
VCAC,2012-03-20T09:00:00Z,19.05,17.34,17.34,19.36,0.0
VCAC,2012-03-21T09:00:00Z,18.94,17.99,17.96,20.12,0.0
VCAC,2012-03-22T09:00:00Z,20.71,18.74,18.69,21.56,0.0
VCAC,2012-03-23T09:00:00Z,20.18,19.96,19.65,21.78,0.0
VCAC,2012-03-26T08:00:00Z,20.32,20.18,19.66,21.39,0.0
VCAC,2012-03-27T08:00:00Z,21.21,20.32,18.69,21.6,0.0
VCAC,2012-03-28T08:00:00Z,21.71,21.21,20.71,21.88,0.0
VCAC,2012-03-29T08:00:00Z,23.88,21.71,21.21,24.27,0.0
VCAC,2012-03-30T08:00:00Z,21.25,23.88,20.85,23.88,0.0
VCAC,2012-04-02T08:00:00Z,20.14,21.25,20.03,22.22,0.0
VCAC,2012-04-03T08:00:00Z,21.09,20.14,19.54,21.09,0.0
VCAC,2012-04-04T08:00:00Z,24.9,21.09,21.09,25.22,0.0
VCAC,2012-04-05T08:00:00Z,23.75,24.9,22.77,26.4,0.0
VCAC,2012-04-10T08:00:00Z,29.32,25.62,25.46,29.32,0.0
VCAC,2012-04-11T08:00:00Z,28.77,29.32,26.45,29.76,0.0
VCAC,2012-04-12T08:00:00Z,27.47,28.77,26.67,30.12,0.0
VCAC,2012-04-13T08:00:00Z,29.21,27.47,26.65,29.62,0.0
VCAC,2012-04-16T08:00:00Z,28.6,29.21,27.86,29.81,0.0
VCAC,2012-04-17T08:00:00Z,26.46,28.6,26.21,28.9,0.0
VCAC,2012-04-18T08:00:00Z,27.66,26.46,25.94,27.98,0.0
VCAC,2012-04-19T08:00:00Z,28.23,27.66,25.84,28.24,0.0
VCAC,2012-04-20T08:00:00Z,26.31,28.23,26.18,28.96,0.0
VCAC,2012-04-23T08:00:00Z,29.17,26.31,26.31,30.1,0.0
VCAC,2012-04-24T08:00:00Z,27.32,29.17,27.07,29.17,0.0
VCAC,2012-04-25T08:00:00Z,26.44,27.32,25.9,27.32,0.0
VCAC,2012-04-26T08:00:00Z,25.82,26.44,25.54,27.4,0.0
VCAC,2012-04-27T08:00:00Z,24.76,25.82,23.08,26.97,0.0
VCAC,2012-04-30T08:00:00Z,25.68,24.76,24.53,25.81,0.0
VCAC,2012-05-02T08:00:00Z,26.51,25.97,23.74,27.36,0.0
VCAC,2012-05-03T08:00:00Z,26.16,26.51,25.3,26.64,0.0
VCAC,2012-05-04T08:00:00Z,27.55,26.16,25.13,28.16,0.0
VCAC,2012-05-07T08:00:00Z,26.97,27.55,26.96,29.86,0.0
VCAC,2012-05-08T08:00:00Z,29.14,26.97,26.97,29.73,0.0
VCAC,2012-05-09T08:00:00Z,29.78,29.14,28.41,31.64,0.0
VCAC,2012-05-10T08:00:00Z,27.94,29.78,27.46,30.12,0.0
VCAC,2012-05-11T08:00:00Z,27.43,27.94,26.96,29.2,0.0
VCAC,2012-05-14T08:00:00Z,30.43,27.43,27.43,32.18,0.0
VCAC,2012-05-15T08:00:00Z,30.88,30.43,29.33,31.14,0.0
VCAC,2012-05-16T08:00:00Z,31.67,30.88,29.42,33.93,0.0
VCAC,2012-05-17T08:00:00Z,33.12,30.55,30.34,34.71,0.0
VCAC,2012-05-18T08:00:00Z,31.17,33.12,30.4,34.96,0.0
VCAC,2012-05-21T08:00:00Z,29.64,31.88,29.28,33.11,0.0
VCAC,2012-05-22T08:00:00Z,28.42,29.64,27.19,29.64,0.0
VCAC,2012-05-23T08:00:00Z,31.59,28.42,27.85,31.97,0.0
VCAC,2012-05-24T08:00:00Z,30.13,31.59,29.75,31.99,0.0
VCAC,2012-05-25T08:00:00Z,28.88,30.13,28.52,30.13,0.0
VCAC,2012-05-28T08:00:00Z,30.2,28.88,28.49,30.33,0.0
VCAC,2012-05-29T08:00:00Z,29.81,30.2,29.09,30.67,0.0
VCAC,2012-05-30T08:00:00Z,32.62,29.81,29.74,33.21,0.0
VCAC,2012-05-31T08:00:00Z,33.12,32.62,28.68,33.65,0.0
VCAC,2012-06-01T08:00:00Z,34.44,33.12,31.43,35.06,0.0
VCAC,2012-06-04T08:00:00Z,35.2,36.06,34.24,36.58,0.0
VCAC,2012-06-05T08:00:00Z,33.32,35.2,32.9,35.2,0.0
VCAC,2012-06-06T08:00:00Z,30.45,33.32,29.19,33.32,0.0
VCAC,2012-06-07T08:00:00Z,28.63,30.45,27.17,37.92,0.0
VCAC,2012-06-08T08:00:00Z,28.07,28.63,27.82,30.72,0.0
VCAC,2012-06-11T08:00:00Z,30.37,28.07,22.84,31.27,0.0
VCAC,2012-06-12T08:00:00Z,30.91,30.37,23.57,33.36,0.0
VCAC,2012-06-13T08:00:00Z,32.41,30.91,18.58,33.47,0.0
VCAC,2012-06-14T08:00:00Z,31.54,32.41,31.46,37.51,0.0
VCAC,2012-06-15T08:00:00Z,32.5,31.54,29.56,32.87,0.0
VCAC,2012-06-18T08:00:00Z,28.31,32.5,26.22,32.5,0.0
VCAC,2012-06-19T08:00:00Z,26.1,28.31,25.19,28.31,0.0
VCAC,2012-06-20T08:00:00Z,25.71,26.1,24.56,26.94,0.0
VCAC,2012-06-21T08:00:00Z,24.14,25.71,22.57,25.71,0.0
VCAC,2012-06-22T08:00:00Z,23.87,24.14,23.75,25.07,0.0
VCAC,2012-06-25T08:00:00Z,26.3,23.87,23.87,26.68,0.0
VCAC,2012-06-26T08:00:00Z,26.71,26.3,25.55,27.0,0.0
VCAC,2012-06-27T08:00:00Z,26.2,26.71,25.86,28.29,0.0
VCAC,2012-06-28T08:00:00Z,26.79,26.2,25.8,27.42,0.0
VCAC,2012-06-29T08:00:00Z,23.21,26.79,23.19,26.79,0.0
VCAC,2012-07-02T08:00:00Z,23.18,23.5,23.0,23.66,0.0
VCAC,2012-07-03T08:00:00Z,21.79,23.16,21.76,23.16,0.0
VCAC,2012-07-04T08:00:00Z,22.52,21.79,21.62,22.95,0.0
VCAC,2012-07-05T08:00:00Z,22.47,22.52,17.06,23.14,0.0
VCAC,2012-07-06T08:00:00Z,23.5,22.47,22.12,23.5,0.0
VCAC,2012-07-09T08:00:00Z,23.84,23.5,23.33,25.07,0.0
VCAC,2012-07-10T08:00:00Z,22.99,23.84,18.38,23.86,0.0
VCAC,2012-07-11T08:00:00Z,22.8,22.99,18.13,23.9,0.0
VCAC,2012-07-12T08:00:00Z,22.6,22.8,18.32,22.8,0.0
VCAC,2012-07-13T08:00:00Z,21.28,22.6,16.04,22.76,0.0
VCAC,2012-07-16T08:00:00Z,21.18,21.28,18.22,22.21,0.0
VCAC,2012-07-17T08:00:00Z,20.87,21.18,17.21,21.18,0.0
VCAC,2012-07-18T08:00:00Z,19.27,20.87,17.66,20.87,0.0
VCAC,2012-07-19T08:00:00Z,19.26,19.27,18.73,19.42,0.0
VCAC,2012-07-20T08:00:00Z,22.54,19.26,18.25,22.73,0.0
VCAC,2012-07-23T08:00:00Z,26.13,22.54,20.47,28.74,0.0
VCAC,2012-07-24T08:00:00Z,26.8,26.13,25.42,27.14,0.0
VCAC,2012-07-25T08:00:00Z,25.85,26.8,21.18,27.09,0.0
VCAC,2012-07-26T08:00:00Z,23.65,24.87,22.83,25.96,0.0
VCAC,2012-07-27T08:00:00Z,23.44,23.65,22.22,24.29,0.0
VCAC,2012-07-30T08:00:00Z,24.26,23.44,17.84,24.83,0.0
VCAC,2012-07-31T08:00:00Z,25.68,24.26,18.64,25.9,0.0
VCAC,2012-08-01T08:00:00Z,25.6,25.68,20.2,26.34,0.0
VCAC,2012-08-02T08:00:00Z,24.87,25.6,22.32,26.23,0.0
VCAC,2012-08-03T08:00:00Z,21.86,24.87,21.6,24.87,0.0
VCAC,2012-08-06T08:00:00Z,22.02,21.86,21.77,22.68,0.0
VCAC,2012-08-07T08:00:00Z,21.27,22.02,21.18,22.16,0.0
VCAC,2012-08-08T08:00:00Z,21.36,21.27,20.66,22.33,0.0
VCAC,2012-08-09T08:00:00Z,20.16,21.36,20.09,22.1,0.0
VCAC,2012-08-10T08:00:00Z,19.47,20.16,17.65,25.25,0.0
VCAC,2012-08-13T08:00:00Z,20.9,19.47,18.7,21.22,0.0
VCAC,2012-08-14T08:00:00Z,19.64,20.9,17.26,21.2,0.0
VCAC,2012-08-15T08:00:00Z,20.17,19.64,18.97,22.73,0.0
VCAC,2012-08-16T08:00:00Z,20.34,20.17,19.66,22.23,0.0
VCAC,2012-08-17T08:00:00Z,18.95,20.34,17.77,20.56,0.0
VCAC,2012-08-20T08:00:00Z,19.29,19.36,19.04,19.98,0.0
VCAC,2012-08-21T08:00:00Z,19.37,19.29,18.5,20.16,0.0
VCAC,2012-08-22T08:00:00Z,21.7,19.37,19.37,21.86,0.0
VCAC,2012-08-23T08:00:00Z,20.93,21.7,16.87,22.6,0.0
VCAC,2012-08-24T08:00:00Z,21.22,20.93,20.52,22.35,0.0
VCAC,2012-08-27T08:00:00Z,21.5,21.22,21.22,22.21,0.0
VCAC,2012-08-28T08:00:00Z,22.12,21.5,21.44,22.59,0.0
VCAC,2012-08-29T08:00:00Z,23.5,22.12,21.66,25.52,0.0
VCAC,2012-08-30T08:00:00Z,23.9,23.5,18.11,24.82,0.0
VCAC,2012-08-31T08:00:00Z,22.4,23.9,19.32,24.4,0.0
VCAC,2012-09-03T08:00:00Z,23.26,22.4,22.4,24.44,0.0
VCAC,2012-09-04T08:00:00Z,24.13,23.26,22.61,25.52,0.0
VCAC,2012-09-05T08:00:00Z,24.25,24.13,20.24,26.18,0.0
VCAC,2012-09-06T08:00:00Z,20.64,24.25,20.62,25.1,0.0
VCAC,2012-09-07T08:00:00Z,19.27,20.64,18.96,20.64,0.0
VCAC,2012-09-10T08:00:00Z,21.2,19.62,19.54,21.68,0.0
VCAC,2012-09-11T08:00:00Z,21.87,21.2,16.07,23.01,0.0
VCAC,2012-09-12T08:00:00Z,20.51,21.87,19.5,22.13,0.0
VCAC,2012-09-13T08:00:00Z,20.42,20.51,19.78,21.72,0.0
VCAC,2012-09-14T08:00:00Z,17.88,20.42,15.45,22.06,0.0
VCAC,2012-09-17T08:00:00Z,18.42,18.49,18.01,18.72,0.0
VCAC,2012-09-18T08:00:00Z,18.8,18.42,18.42,21.16,0.0
VCAC,2012-09-19T08:00:00Z,18.31,18.8,18.23,19.05,0.0
VCAC,2012-09-20T08:00:00Z,18.56,18.31,16.89,19.64,0.0
VCAC,2012-09-21T08:00:00Z,17.76,18.56,17.54,18.56,0.0
VCAC,2012-09-24T08:00:00Z,18.57,17.76,17.76,19.57,0.0
VCAC,2012-09-25T08:00:00Z,18.17,18.57,18.03,19.26,0.0
VCAC,2012-09-26T08:00:00Z,20.58,18.17,16.62,21.27,0.0
VCAC,2012-09-27T08:00:00Z,20.87,20.58,20.08,21.12,0.0
VCAC,2012-09-28T08:00:00Z,22.37,20.87,19.75,22.47,0.0
VCAC,2012-10-01T08:00:00Z,21.78,22.37,21.25,23.59,0.0
VCAC,2012-10-02T08:00:00Z,22.28,21.78,21.33,22.46,0.0
VCAC,2012-10-03T08:00:00Z,21.96,22.28,21.69,23.02,0.0
VCAC,2012-10-04T08:00:00Z,21.79,21.96,19.72,22.44,0.0
VCAC,2012-10-05T08:00:00Z,20.26,21.38,19.98,21.5,0.0
VCAC,2012-10-08T08:00:00Z,21.46,21.62,21.28,22.19,0.0
VCAC,2012-10-09T08:00:00Z,22.38,21.31,21.19,22.42,0.0
VCAC,2012-10-10T08:00:00Z,22.05,22.68,19.16,22.68,0.0
VCAC,2012-10-11T08:00:00Z,20.45,23.04,18.14,23.12,0.0
VCAC,2012-10-12T08:00:00Z,21.33,21.38,18.54,21.38,0.0
VCAC,2012-10-15T08:00:00Z,20.85,21.87,20.55,21.87,0.0
VCAC,2012-10-16T08:00:00Z,19.99,20.42,19.73,20.98,0.0
VCAC,2012-10-17T08:00:00Z,19.04,19.7,19.04,20.02,0.0
VCAC,2012-10-18T08:00:00Z,18.83,19.07,18.51,19.43,0.0
VCAC,2012-10-19T08:00:00Z,19.47,18.87,18.48,20.06,0.0
VCAC,2012-10-22T08:00:00Z,20.08,20.1,19.64,20.35,0.0
VCAC,2012-10-23T08:00:00Z,22.66,19.97,19.91,23.04,0.0
VCAC,2012-10-24T08:00:00Z,21.78,21.52,19.61,22.64,0.0
VCAC,2012-10-25T08:00:00Z,21.84,21.8,20.8,21.86,0.0
VCAC,2012-10-26T08:00:00Z,21.23,22.15,20.96,22.49,0.0
VCAC,2012-10-29T09:00:00Z,22.45,22.24,22.0,22.84,0.0
VCAC,2012-10-30T09:00:00Z,21.25,21.92,21.1,22.14,0.0
VCAC,2012-10-31T09:00:00Z,21.42,21.09,20.52,21.44,0.0
VCAC,2012-11-01T09:00:00Z,20.61,21.71,20.17,21.71,0.0
VCAC,2012-11-02T09:00:00Z,20.12,20.76,19.92,21.23,0.0
VCAC,2012-11-05T09:00:00Z,21.44,21.27,21.01,21.67,0.0
VCAC,2012-11-06T09:00:00Z,21.24,21.45,21.14,21.78,0.0
VCAC,2012-11-07T09:00:00Z,22.25,20.07,19.89,22.37,0.0
VCAC,2012-11-08T09:00:00Z,21.3,22.25,21.24,22.76,0.0
VCAC,2012-11-09T09:00:00Z,21.28,21.17,21.08,25.01,0.0
VCAC,2012-11-12T09:00:00Z,21.98,22.18,21.32,23.0,0.0
VCAC,2012-11-13T09:00:00Z,20.81,22.12,18.97,23.46,0.0
VCAC,2012-11-14T09:00:00Z,21.16,21.36,20.68,21.66,0.0
VCAC,2012-11-15T09:00:00Z,21.62,21.59,21.07,23.69,0.0
VCAC,2012-11-16T09:00:00Z,21.46,21.41,20.55,22.22,0.0
VCAC,2012-11-19T09:00:00Z,19.41,21.56,19.17,22.03,0.0
VCAC,2012-11-20T09:00:00Z,18.4,19.65,18.34,19.66,0.0
VCAC,2012-11-21T09:00:00Z,17.36,18.48,17.34,18.71,0.0
VCAC,2012-11-22T09:00:00Z,17.11,17.22,17.09,17.55,0.0
VCAC,2012-11-23T09:00:00Z,17.03,16.93,16.74,17.55,0.0
VCAC,2012-11-26T09:00:00Z,17.91,17.58,17.3,18.11,0.0
VCAC,2012-11-27T09:00:00Z,17.41,17.26,13.81,17.77,0.0
VCAC,2012-11-28T09:00:00Z,16.8,17.32,16.8,17.8,0.0
VCAC,2012-11-29T09:00:00Z,15.77,16.42,15.77,16.66,0.0
VCAC,2012-11-30T09:00:00Z,15.99,15.7,15.51,16.18,0.0
VCAC,2012-12-03T09:00:00Z,16.84,16.72,15.97,16.92,0.0
VCAC,2012-12-04T09:00:00Z,16.85,16.84,16.32,17.05,0.0
VCAC,2012-12-05T09:00:00Z,16.92,16.46,16.37,17.17,0.0
VCAC,2012-12-06T09:00:00Z,16.6,16.68,14.52,16.74,0.0
VCAC,2012-12-07T09:00:00Z,16.8,16.51,16.09,17.32,0.0
VCAC,2012-12-10T09:00:00Z,16.98,17.42,16.81,18.37,0.0
VCAC,2012-12-11T09:00:00Z,16.45,16.68,15.83,16.93,0.0
VCAC,2012-12-12T09:00:00Z,16.46,16.34,16.3,16.82,0.0
VCAC,2012-12-13T09:00:00Z,16.13,15.46,15.4,16.38,0.0
VCAC,2012-12-14T09:00:00Z,15.85,15.73,15.52,16.68,0.0
VCAC,2012-12-17T09:00:00Z,15.94,16.59,14.75,17.06,0.0
VCAC,2012-12-18T09:00:00Z,15.74,15.65,15.5,16.1,0.0
VCAC,2012-12-19T09:00:00Z,15.7,15.48,14.8,15.81,0.0
VCAC,2012-12-20T09:00:00Z,15.9,16.09,15.38,16.91,0.0
VCAC,2012-12-21T09:00:00Z,17.68,16.5,16.14,18.0,0.0
VCAC,2012-12-24T09:00:00Z,17.68,17.68,17.68,17.68,0.0
VCAC,2012-12-27T09:00:00Z,18.1,18.1,18.1,18.1,0.0
VCAC,2012-12-28T09:00:00Z,19.95,17.2,15.63,20.24,0.0
VCAC,2012-12-31T09:00:00Z,20.83,19.95,19.95,20.83,0.0
VCAC,2013-01-02T09:00:00Z,17.57,16.58,15.66,18.1,0.0
VCAC,2013-01-03T09:00:00Z,16.86,17.38,15.99,17.66,0.0
VCAC,2013-01-04T09:00:00Z,15.71,17.14,15.28,17.23,0.0
VCAC,2013-01-07T09:00:00Z,16.63,16.06,15.98,16.82,0.0
VCAC,2013-01-08T09:00:00Z,16.46,16.78,15.92,16.78,0.0
VCAC,2013-01-09T09:00:00Z,16.2,16.17,15.88,16.5,0.0
VCAC,2013-01-10T09:00:00Z,15.71,15.16,13.85,16.19,0.0
VCAC,2013-01-11T09:00:00Z,15.14,15.89,14.69,16.25,0.0
VCAC,2013-01-14T09:00:00Z,15.71,15.83,14.83,15.97,0.0
VCAC,2013-01-15T09:00:00Z,15.69,16.0,15.11,16.1,0.0
VCAC,2013-01-16T09:00:00Z,15.65,15.95,15.32,16.72,0.0
VCAC,2013-01-17T09:00:00Z,15.31,15.74,14.93,15.78,0.0
VCAC,2013-01-18T09:00:00Z,15.17,15.63,14.91,15.88,0.0
VCAC,2013-01-21T09:00:00Z,14.74,15.18,14.43,15.18,0.0
VCAC,2013-01-22T09:00:00Z,15.41,14.72,13.21,16.02,0.0
VCAC,2013-01-23T09:00:00Z,15.66,15.15,15.15,15.82,0.0
VCAC,2013-01-24T09:00:00Z,15.01,15.79,14.86,15.98,0.0
VCAC,2013-01-25T09:00:00Z,14.6,14.95,14.3,14.97,0.0
VCAC,2013-01-28T09:00:00Z,15.02,15.02,14.75,15.18,0.0
VCAC,2013-01-29T09:00:00Z,14.69,15.08,14.39,15.42,0.0
VCAC,2013-01-30T09:00:00Z,15.69,14.7,12.25,15.84,0.0
VCAC,2013-01-31T09:00:00Z,16.17,15.77,15.7,16.78,0.0
VCAC,2013-02-01T09:00:00Z,15.5,16.53,13.76,16.53,0.0
VCAC,2013-02-04T09:00:00Z,19.67,15.5,15.5,19.87,0.0
VCAC,2013-02-05T09:00:00Z,18.86,19.73,18.52,19.73,0.0
VCAC,2013-02-06T09:00:00Z,19.95,19.39,18.6,21.38,0.0
VCAC,2013-02-07T09:00:00Z,20.35,20.02,18.95,20.53,0.0
VCAC,2013-02-08T09:00:00Z,18.42,20.12,18.2,20.12,0.0
VCAC,2013-02-11T09:00:00Z,18.65,18.66,18.65,18.66,0.0
VCAC,2013-02-12T09:00:00Z,18.49,18.83,18.42,19.37,0.0
VCAC,2013-02-13T09:00:00Z,17.92,17.85,15.09,18.57,0.0
VCAC,2013-02-14T09:00:00Z,18.17,17.92,17.67,19.1,0.0
VCAC,2013-02-15T09:00:00Z,18.26,18.34,17.4,18.52,0.0
VCAC,2013-02-18T09:00:00Z,18.72,19.0,18.66,19.28,0.0
VCAC,2013-02-19T09:00:00Z,17.96,18.73,17.93,18.78,0.0
VCAC,2013-02-20T09:00:00Z,18.95,18.23,17.91,19.03,0.0
VCAC,2013-02-21T09:00:00Z,20.89,19.72,19.7,21.22,0.0
VCAC,2013-02-22T09:00:00Z,20.15,20.32,19.69,20.5,0.0
VCAC,2013-02-25T09:00:00Z,20.49,20.05,18.61,20.89,0.0
VCAC,2013-02-26T09:00:00Z,24.0,24.01,21.9,24.34,0.0
VCAC,2013-02-27T09:00:00Z,20.95,22.92,20.95,23.4,0.0
VCAC,2013-02-28T09:00:00Z,20.22,20.44,19.94,21.18,0.0
VCAC,2013-03-01T09:00:00Z,20.74,20.48,19.93,22.59,0.0
VCAC,2013-03-04T09:00:00Z,20.23,21.88,20.22,22.12,0.0
VCAC,2013-03-05T09:00:00Z,18.65,19.26,18.56,19.55,0.0
VCAC,2013-03-06T09:00:00Z,19.18,18.62,18.23,19.18,0.0
VCAC,2013-03-07T09:00:00Z,17.66,18.65,16.63,19.0,0.0
VCAC,2013-03-08T09:00:00Z,15.88,17.13,15.13,17.13,0.0
VCAC,2013-03-11T09:00:00Z,16.54,17.0,16.13,17.52,0.0
VCAC,2013-03-12T09:00:00Z,16.03,16.78,15.12,16.78,0.0
VCAC,2013-03-13T09:00:00Z,15.53,16.14,15.47,17.14,0.0
VCAC,2013-03-14T09:00:00Z,14.8,15.25,14.57,15.65,0.0
VCAC,2013-03-15T09:00:00Z,15.11,15.03,14.69,15.89,0.0
VCAC,2013-03-18T09:00:00Z,16.56,18.92,16.32,19.32,0.0
VCAC,2013-03-19T09:00:00Z,19.04,16.92,12.62,20.33,0.0
VCAC,2013-03-20T09:00:00Z,17.04,18.45,16.98,18.67,0.0
VCAC,2013-03-21T09:00:00Z,17.96,17.32,17.14,18.58,0.0
VCAC,2013-03-22T09:00:00Z,19.31,18.48,18.46,19.9,0.0
VCAC,2013-03-25T09:00:00Z,19.73,17.08,16.23,21.02,0.0
VCAC,2013-03-26T09:00:00Z,19.31,19.38,18.61,19.9,0.0
VCAC,2013-03-27T09:00:00Z,20.01,18.97,18.9,21.01,0.0
VCAC,2013-03-28T09:00:00Z,19.36,19.68,18.81,20.61,0.0
VCAC,2013-04-02T08:00:00Z,18.53,19.86,15.83,20.0,0.0
VCAC,2013-04-03T08:00:00Z,19.42,18.81,15.45,19.52,0.0
VCAC,2013-04-04T08:00:00Z,20.01,19.18,14.02,20.59,0.0
VCAC,2013-04-05T08:00:00Z,21.49,20.15,19.89,22.48,0.0
VCAC,2013-04-08T08:00:00Z,21.12,21.52,20.87,21.66,0.0
VCAC,2013-04-09T08:00:00Z,20.45,20.69,19.79,20.78,0.0
VCAC,2013-04-10T08:00:00Z,19.0,19.87,18.46,19.99,0.0
VCAC,2013-04-11T08:00:00Z,18.4,19.04,18.04,19.13,0.0
VCAC,2013-04-12T08:00:00Z,19.82,18.69,17.73,20.17,0.0
VCAC,2013-04-15T08:00:00Z,19.7,19.8,19.28,21.0,0.0
VCAC,2013-04-16T08:00:00Z,20.55,20.18,19.55,21.3,0.0
VCAC,2013-04-17T08:00:00Z,22.56,19.66,19.56,22.84,0.0
VCAC,2013-04-18T08:00:00Z,21.66,21.66,20.68,22.47,0.0
VCAC,2013-04-19T08:00:00Z,19.99,21.14,19.9,21.3,0.0
VCAC,2013-04-22T08:00:00Z,20.22,19.92,19.66,20.79,0.0
VCAC,2013-04-23T08:00:00Z,19.12,19.71,18.67,20.05,0.0
VCAC,2013-04-24T08:00:00Z,18.74,18.51,18.2,19.1,0.0
VCAC,2013-04-25T08:00:00Z,18.74,18.2,18.2,43.57,0.0
VCAC,2013-04-26T08:00:00Z,19.26,18.86,18.79,19.86,0.0
VCAC,2013-04-29T08:00:00Z,19.63,19.05,18.88,19.83,0.0
VCAC,2013-04-30T08:00:00Z,20.24,19.19,19.09,20.5,0.0
VCAC,2013-05-02T08:00:00Z,18.3,19.75,18.3,19.81,0.0
VCAC,2013-05-03T08:00:00Z,17.08,18.3,16.96,18.35,0.0
VCAC,2013-05-06T08:00:00Z,17.36,17.52,17.24,17.67,0.0
VCAC,2013-05-07T08:00:00Z,16.61,17.36,16.35,17.36,0.0
VCAC,2013-05-08T08:00:00Z,16.15,16.7,16.14,16.79,0.0
VCAC,2013-05-09T08:00:00Z,15.19,15.65,14.97,16.93,0.0
VCAC,2013-05-10T08:00:00Z,15.1,15.07,14.17,15.76,0.0
VCAC,2013-05-13T08:00:00Z,15.85,15.82,15.52,16.17,0.0
VCAC,2013-05-14T08:00:00Z,15.24,15.65,15.12,16.16,0.0
VCAC,2013-05-15T08:00:00Z,14.96,15.56,14.86,15.97,0.0
VCAC,2013-05-16T08:00:00Z,15.14,14.98,14.61,15.7,0.0
VCAC,2013-05-17T08:00:00Z,14.93,14.95,14.66,15.64,0.0
VCAC,2013-05-20T08:00:00Z,15.18,15.4,15.15,15.85,0.0
VCAC,2013-05-21T08:00:00Z,15.66,15.2,15.2,16.12,0.0
VCAC,2013-05-22T08:00:00Z,15.35,15.37,14.99,15.69,0.0
VCAC,2013-05-23T08:00:00Z,16.72,16.34,16.34,17.51,0.0
VCAC,2013-05-24T08:00:00Z,16.69,16.25,15.56,17.26,0.0
VCAC,2013-05-27T08:00:00Z,16.54,16.62,16.5,17.17,0.0
VCAC,2013-05-28T08:00:00Z,16.09,16.36,15.66,16.36,0.0
VCAC,2013-05-29T08:00:00Z,17.94,16.47,16.47,18.0,0.0
VCAC,2013-05-30T08:00:00Z,17.25,17.95,15.1,17.95,0.0
VCAC,2013-05-31T08:00:00Z,16.08,17.09,15.58,18.17,0.0
VCAC,2013-06-03T08:00:00Z,19.56,19.13,18.11,20.08,0.0
VCAC,2013-06-04T08:00:00Z,19.46,18.66,18.65,19.64,0.0
VCAC,2013-06-05T08:00:00Z,20.51,19.82,19.38,20.66,0.0
VCAC,2013-06-06T08:00:00Z,20.33,20.36,18.97,20.44,0.0
VCAC,2013-06-07T08:00:00Z,18.24,20.54,18.16,20.56,0.0
VCAC,2013-06-10T08:00:00Z,18.05,18.97,17.63,18.98,0.0
VCAC,2013-06-11T08:00:00Z,19.17,18.36,18.36,20.12,0.0
VCAC,2013-06-12T08:00:00Z,19.78,19.32,18.6,19.89,0.0
VCAC,2013-06-13T08:00:00Z,19.73,20.74,19.29,21.22,0.0
VCAC,2013-06-14T08:00:00Z,18.94,18.98,18.36,19.71,0.0
VCAC,2013-06-17T08:00:00Z,19.12,19.02,18.42,19.22,0.0
VCAC,2013-06-18T08:00:00Z,18.89,19.36,18.3,20.14,0.0
VCAC,2013-06-19T08:00:00Z,18.77,19.0,18.42,19.94,0.0
VCAC,2013-06-20T08:00:00Z,21.86,20.04,19.31,22.0,0.0
VCAC,2013-06-21T08:00:00Z,21.78,21.55,20.59,22.39,0.0
VCAC,2013-06-24T08:00:00Z,23.55,22.77,22.49,25.0,0.0
VCAC,2013-06-25T08:00:00Z,21.9,22.71,21.52,23.11,0.0
VCAC,2013-06-26T08:00:00Z,20.7,21.8,20.47,21.86,0.0
VCAC,2013-06-27T08:00:00Z,19.86,20.85,19.54,20.92,0.0
VCAC,2013-06-28T08:00:00Z,20.21,19.81,16.88,20.98,0.0
VCAC,2013-07-01T08:00:00Z,20.52,20.31,20.14,21.37,0.0
VCAC,2013-07-02T08:00:00Z,20.28,20.31,20.18,20.87,0.0
VCAC,2013-07-03T08:00:00Z,21.25,21.05,16.0,22.41,0.0
VCAC,2013-07-04T08:00:00Z,19.8,20.62,19.58,20.65,0.0
VCAC,2013-07-05T08:00:00Z,20.8,20.06,19.38,20.95,0.0
VCAC,2013-07-08T08:00:00Z,20.24,20.79,19.74,21.01,0.0
VCAC,2013-07-09T08:00:00Z,19.41,19.83,19.3,19.89,0.0
VCAC,2013-07-10T08:00:00Z,19.19,19.32,19.12,19.94,0.0
VCAC,2013-07-11T08:00:00Z,17.6,17.77,17.36,18.14,0.0
VCAC,2013-07-12T08:00:00Z,17.71,17.41,17.05,18.01,0.0
VCAC,2013-07-15T08:00:00Z,17.56,17.81,17.46,18.94,0.0
VCAC,2013-07-16T08:00:00Z,17.99,17.34,17.34,18.12,0.0
VCAC,2013-07-17T08:00:00Z,17.34,17.68,17.29,18.87,0.0
VCAC,2013-07-18T08:00:00Z,16.55,17.28,16.4,17.39,0.0
VCAC,2013-07-19T08:00:00Z,15.79,16.58,15.6,16.89,0.0
VCAC,2013-07-22T08:00:00Z,15.69,16.23,15.65,16.48,0.0
VCAC,2013-07-23T08:00:00Z,15.53,15.23,15.13,15.65,0.0
VCAC,2013-07-24T08:00:00Z,15.32,15.44,15.0,15.99,0.0
VCAC,2013-07-25T08:00:00Z,16.3,15.54,15.46,16.94,0.0
VCAC,2013-07-26T08:00:00Z,16.73,15.68,15.59,16.92,0.0
VCAC,2013-07-29T08:00:00Z,17.44,17.0,16.9,17.47,0.0
VCAC,2013-07-30T08:00:00Z,17.24,16.96,16.83,17.47,0.0
VCAC,2013-07-31T08:00:00Z,17.62,17.46,16.89,17.94,0.0
VCAC,2013-08-01T08:00:00Z,16.29,17.09,16.25,20.31,0.0
VCAC,2013-08-02T08:00:00Z,15.22,15.99,15.01,15.99,0.0
VCAC,2013-08-05T08:00:00Z,15.19,15.6,15.19,15.82,0.0
VCAC,2013-08-06T08:00:00Z,15.86,15.09,14.72,16.26,0.0
VCAC,2013-08-07T08:00:00Z,16.25,16.21,15.68,16.52,0.0
VCAC,2013-08-08T08:00:00Z,16.25,16.25,16.25,16.25,0.0
VCAC,2013-08-09T08:00:00Z,14.06,14.52,13.93,15.03,0.0
VCAC,2013-08-12T08:00:00Z,14.76,14.58,14.29,15.8,0.0
VCAC,2013-08-13T08:00:00Z,14.07,14.35,14.01,17.92,0.0
VCAC,2013-08-14T08:00:00Z,13.81,13.92,13.18,15.15,0.0
VCAC,2013-08-15T08:00:00Z,15.4,14.01,13.67,16.18,0.0
VCAC,2013-08-16T08:00:00Z,14.34,14.93,13.63,15.3,0.0
VCAC,2013-08-19T08:00:00Z,15.04,15.1,14.81,15.55,0.0
VCAC,2013-08-20T08:00:00Z,16.22,15.66,15.66,16.95,0.0
VCAC,2013-08-21T08:00:00Z,17.43,15.9,15.86,17.46,0.0
VCAC,2013-08-22T08:00:00Z,15.92,16.54,15.32,16.56,0.0
VCAC,2013-08-23T08:00:00Z,15.2,15.72,13.27,16.38,0.0
VCAC,2013-08-26T08:00:00Z,15.3,15.76,15.25,16.45,0.0
VCAC,2013-08-27T08:00:00Z,18.51,15.98,14.92,18.84,0.0
VCAC,2013-08-28T08:00:00Z,18.98,19.24,18.31,20.32,0.0
VCAC,2013-08-29T08:00:00Z,17.91,18.32,17.4,18.59,0.0
VCAC,2013-08-30T08:00:00Z,19.19,17.98,17.82,19.52,0.0
VCAC,2013-09-02T08:00:00Z,18.21,18.61,17.92,18.61,0.0
VCAC,2013-09-03T08:00:00Z,19.41,18.18,17.96,19.41,0.0
VCAC,2013-09-04T08:00:00Z,19.24,19.12,19.05,20.8,0.0
VCAC,2013-09-05T08:00:00Z,18.89,19.31,16.58,19.79,0.0
VCAC,2013-09-06T08:00:00Z,18.09,18.8,15.89,19.3,0.0
VCAC,2013-09-09T08:00:00Z,18.5,18.56,18.48,19.11,0.0
VCAC,2013-09-10T08:00:00Z,17.16,17.72,16.91,17.96,0.0
VCAC,2013-09-11T08:00:00Z,16.76,17.41,16.76,17.52,0.0
VCAC,2013-09-12T08:00:00Z,16.91,16.39,16.04,17.05,0.0
VCAC,2013-09-13T08:00:00Z,16.67,17.01,15.88,17.46,0.0
VCAC,2013-09-16T08:00:00Z,16.66,16.8,16.29,17.09,0.0
VCAC,2013-09-17T08:00:00Z,16.71,16.99,16.5,17.31,0.0
VCAC,2013-09-18T08:00:00Z,16.18,16.95,16.16,17.17,0.0
VCAC,2013-09-19T08:00:00Z,15.2,15.04,14.78,16.2,0.0
VCAC,2013-09-20T08:00:00Z,14.64,15.08,13.96,15.26,0.0
VCAC,2013-09-24T08:00:00Z,14.69,15.16,14.68,15.83,0.0
VCAC,2013-09-25T08:00:00Z,14.76,14.97,14.59,15.49,0.0
VCAC,2013-09-26T08:00:00Z,14.93,14.6,14.37,15.25,0.0
VCAC,2013-09-27T08:00:00Z,15.12,14.84,14.59,15.48,0.0
VCAC,2013-09-30T08:00:00Z,17.27,16.72,16.57,17.64,0.0
VCAC,2013-10-01T08:00:00Z,16.38,16.61,16.06,17.14,0.0
VCAC,2013-10-02T08:00:00Z,17.43,16.8,16.64,18.21,0.0
VCAC,2013-10-03T08:00:00Z,17.99,17.0,16.7,17.99,0.0
VCAC,2013-10-04T08:00:00Z,17.55,17.76,17.08,18.13,0.0
VCAC,2013-10-07T08:00:00Z,18.22,18.79,17.73,20.04,0.0
VCAC,2013-10-08T08:00:00Z,19.26,18.32,17.75,19.46,0.0
VCAC,2013-10-09T08:00:00Z,21.78,19.73,18.65,21.78,0.0
VCAC,2013-10-10T08:00:00Z,17.93,19.36,15.27,19.36,0.0
VCAC,2013-10-11T08:00:00Z,16.42,17.87,16.42,19.02,0.0
VCAC,2013-10-14T08:00:00Z,18.45,17.61,17.57,19.07,0.0
VCAC,2013-10-15T08:00:00Z,16.82,17.73,16.22,17.97,0.0
VCAC,2013-10-16T08:00:00Z,16.96,17.73,16.87,18.36,0.0
VCAC,2013-10-17T08:00:00Z,14.92,16.21,14.86,16.87,0.0
VCAC,2013-10-18T08:00:00Z,13.93,14.56,13.82,15.24,0.0
VCAC,2013-10-21T08:00:00Z,14.36,14.59,14.21,15.15,0.0
VCAC,2013-10-22T08:00:00Z,13.71,14.38,13.4,14.58,0.0
VCAC,2013-10-23T08:00:00Z,14.84,14.15,14.14,15.02,0.0
VCAC,2013-10-24T08:00:00Z,14.12,14.3,11.94,14.49,0.0
VCAC,2013-10-25T08:00:00Z,13.67,14.66,13.66,14.68,0.0
VCAC,2013-10-28T09:00:00Z,14.72,14.09,14.09,15.2,0.0
VCAC,2013-10-29T09:00:00Z,13.88,14.67,13.82,14.67,0.0
VCAC,2013-10-30T09:00:00Z,14.51,13.93,13.78,14.93,0.0
VCAC,2013-10-31T09:00:00Z,14.23,14.17,13.89,14.52,0.0
VCAC,2013-11-01T09:00:00Z,14.52,14.29,13.66,14.6,0.0
VCAC,2013-11-04T09:00:00Z,14.48,14.51,14.06,14.96,0.0
VCAC,2013-11-05T09:00:00Z,14.93,14.48,14.39,15.47,0.0
VCAC,2013-11-06T09:00:00Z,14.85,14.6,14.18,15.33,0.0
VCAC,2013-11-07T09:00:00Z,14.23,14.83,11.34,15.17,0.0
VCAC,2013-11-08T09:00:00Z,15.46,15.32,14.58,16.22,0.0
VCAC,2013-11-11T09:00:00Z,15.16,15.53,14.85,16.35,0.0
VCAC,2013-11-12T09:00:00Z,15.33,15.13,14.74,15.45,0.0
VCAC,2013-11-13T09:00:00Z,15.03,15.44,14.78,16.36,0.0
VCAC,2013-11-14T09:00:00Z,14.44,14.27,13.96,14.81,0.0
VCAC,2013-11-15T09:00:00Z,13.57,14.0,13.32,14.32,0.0
VCAC,2013-11-18T09:00:00Z,13.78,13.92,13.46,14.21,0.0
VCAC,2013-11-19T09:00:00Z,14.25,13.96,13.95,14.51,0.0
VCAC,2013-11-20T09:00:00Z,14.16,14.29,13.86,14.39,0.0
VCAC,2013-11-21T09:00:00Z,13.98,14.74,13.78,15.0,0.0
VCAC,2013-11-22T09:00:00Z,13.26,13.97,13.25,13.99,0.0
VCAC,2013-11-25T09:00:00Z,13.44,13.44,13.19,13.57,0.0
VCAC,2013-11-26T09:00:00Z,13.41,13.39,13.23,13.5,0.0
VCAC,2013-11-27T09:00:00Z,12.98,13.27,11.94,13.29,0.0
VCAC,2013-11-28T09:00:00Z,12.93,13.02,12.92,13.21,0.0
VCAC,2013-11-29T09:00:00Z,13.37,13.07,12.92,13.4,0.0
VCAC,2013-12-02T09:00:00Z,14.21,13.82,13.71,14.73,0.0
VCAC,2013-12-03T09:00:00Z,16.25,14.41,14.39,16.28,0.0
VCAC,2013-12-04T09:00:00Z,16.71,15.88,15.58,17.45,0.0
VCAC,2013-12-05T09:00:00Z,16.98,16.69,15.22,16.98,0.0
VCAC,2013-12-06T09:00:00Z,15.51,16.69,14.86,17.17,0.0
VCAC,2013-12-09T09:00:00Z,15.28,15.82,15.23,16.28,0.0
VCAC,2013-12-10T09:00:00Z,15.68,15.4,14.74,16.16,0.0
VCAC,2013-12-11T09:00:00Z,16.08,15.83,14.9,16.08,0.0
VCAC,2013-12-12T09:00:00Z,16.17,15.64,15.1,17.08,0.0
VCAC,2013-12-13T09:00:00Z,16.53,16.15,14.31,17.19,0.0
VCAC,2013-12-16T09:00:00Z,16.76,16.87,15.89,17.07,0.0
VCAC,2013-12-17T09:00:00Z,17.08,17.18,16.81,17.91,0.0
VCAC,2013-12-18T09:00:00Z,16.47,16.65,16.07,16.9,0.0
VCAC,2013-12-19T09:00:00Z,14.2,14.4,13.54,14.57,0.0
VCAC,2013-12-20T09:00:00Z,13.97,13.84,13.28,14.15,0.0
VCAC,2013-12-23T09:00:00Z,14.09,14.05,13.7,14.33,0.0
VCAC,2013-12-24T09:00:00Z,13.48,13.3,13.3,14.14,0.0
VCAC,2013-12-27T09:00:00Z,13.99,13.44,13.43,14.13,0.0
VCAC,2013-12-30T09:00:00Z,14.36,14.33,14.3,14.88,0.0
VCAC,2013-12-31T09:00:00Z,14.54,14.56,14.5,14.79,0.0
VCAC,2014-01-02T09:00:00Z,16.27,14.71,14.52,16.39,0.0
VCAC,2014-01-03T09:00:00Z,15.74,16.16,15.45,16.16,0.0
VCAC,2014-01-06T09:00:00Z,16.0,15.9,15.47,16.01,0.0
VCAC,2014-01-07T09:00:00Z,15.29,15.78,15.19,16.09,0.0
VCAC,2014-01-08T09:00:00Z,15.45,15.36,15.15,15.88,0.0
VCAC,2014-01-09T09:00:00Z,14.34,15.03,12.93,15.03,0.0
VCAC,2014-01-10T09:00:00Z,13.2,13.73,12.66,14.32,0.0
VCAC,2014-01-13T09:00:00Z,15.01,13.72,13.6,15.19,0.0
VCAC,2014-01-14T09:00:00Z,14.16,15.49,14.14,15.94,0.0
VCAC,2014-01-15T09:00:00Z,14.1,13.7,13.2,14.35,0.0
VCAC,2014-01-16T09:00:00Z,14.07,13.35,13.3,14.43,0.0
VCAC,2014-01-17T09:00:00Z,13.02,13.06,12.88,14.1,0.0
VCAC,2014-01-20T09:00:00Z,14.03,13.59,13.27,14.15,0.0
VCAC,2014-01-21T09:00:00Z,14.06,12.99,12.99,14.08,0.0
VCAC,2014-01-22T09:00:00Z,14.15,13.56,13.2,14.58,0.0
VCAC,2014-01-23T09:00:00Z,14.92,13.84,13.73,15.66,0.0
VCAC,2014-01-24T09:00:00Z,18.46,14.92,14.61,18.83,0.0
VCAC,2014-01-27T09:00:00Z,18.45,17.92,17.43,19.62,0.0
VCAC,2014-01-28T09:00:00Z,17.99,17.99,17.61,18.65,0.0
VCAC,2014-01-29T09:00:00Z,19.56,17.08,16.5,21.43,0.0
VCAC,2014-01-30T09:00:00Z,18.96,19.48,18.55,20.94,0.0
VCAC,2014-01-31T09:00:00Z,19.69,19.19,18.42,22.39,0.0
VCAC,2014-02-03T09:00:00Z,21.63,20.5,19.78,21.76,0.0
VCAC,2014-02-04T09:00:00Z,20.74,22.0,20.02,22.22,0.0
VCAC,2014-02-05T09:00:00Z,20.4,21.2,19.33,21.32,0.0
VCAC,2014-02-06T09:00:00Z,18.77,20.31,18.41,20.54,0.0
VCAC,2014-02-07T09:00:00Z,17.4,18.73,17.12,19.27,0.0
VCAC,2014-02-10T09:00:00Z,17.16,17.45,17.16,17.94,0.0
VCAC,2014-02-11T09:00:00Z,15.94,16.97,15.94,16.97,0.0
VCAC,2014-02-12T09:00:00Z,15.89,15.59,15.29,16.04,0.0
VCAC,2014-02-13T09:00:00Z,15.37,15.58,15.24,16.63,0.0
VCAC,2014-02-14T09:00:00Z,14.38,15.34,14.13,15.76,0.0
VCAC,2014-02-17T09:00:00Z,15.28,14.99,14.76,15.38,0.0
VCAC,2014-02-18T09:00:00Z,14.99,15.21,14.99,16.14,0.0
VCAC,2014-02-19T09:00:00Z,15.19,15.15,15.01,16.05,0.0
VCAC,2014-02-20T09:00:00Z,15.8,16.18,15.22,16.76,0.0
VCAC,2014-02-21T09:00:00Z,15.01,14.92,14.25,15.68,0.0
VCAC,2014-02-24T09:00:00Z,14.6,15.69,14.52,15.91,0.0
VCAC,2014-02-25T09:00:00Z,14.23,14.62,14.23,14.9,0.0
VCAC,2014-02-26T09:00:00Z,14.43,14.05,14.02,15.11,0.0
VCAC,2014-02-27T09:00:00Z,14.73,14.31,14.01,15.95,0.0
VCAC,2014-02-28T09:00:00Z,14.56,14.93,14.17,16.05,0.0
VCAC,2014-03-03T09:00:00Z,19.19,17.12,16.52,19.41,0.0
VCAC,2014-03-04T09:00:00Z,19.2,19.2,19.2,19.2,0.0
VCAC,2014-03-05T09:00:00Z,16.36,19.2,15.67,19.2,0.0
VCAC,2014-03-06T09:00:00Z,15.7,15.87,14.87,16.17,0.0
VCAC,2014-03-07T09:00:00Z,17.51,15.81,15.29,17.98,0.0
VCAC,2014-03-10T09:00:00Z,17.64,17.8,16.79,18.63,0.0
VCAC,2014-03-11T09:00:00Z,17.55,17.19,16.69,17.89,0.0
VCAC,2014-03-12T09:00:00Z,18.35,18.3,18.0,19.56,0.0
VCAC,2014-03-13T09:00:00Z,19.5,18.22,17.73,19.66,0.0
VCAC,2014-03-14T09:00:00Z,21.26,20.48,18.85,22.88,0.0
VCAC,2014-03-17T09:00:00Z,19.22,20.57,19.02,20.66,0.0
VCAC,2014-03-18T09:00:00Z,17.87,19.37,17.32,19.5,0.0
VCAC,2014-03-19T09:00:00Z,17.7,17.98,17.48,18.35,0.0
VCAC,2014-03-20T09:00:00Z,16.71,18.16,16.71,18.68,0.0
VCAC,2014-03-21T09:00:00Z,15.72,16.41,15.52,17.16,0.0
VCAC,2014-03-24T09:00:00Z,17.72,16.42,16.31,17.98,0.0
VCAC,2014-03-25T09:00:00Z,16.63,16.83,16.25,16.97,0.0
VCAC,2014-03-26T09:00:00Z,15.91,16.26,15.3,16.3,0.0
VCAC,2014-03-27T09:00:00Z,16.12,16.2,15.43,16.58,0.0
VCAC,2014-03-28T09:00:00Z,15.79,15.9,15.64,16.14,0.0
VCAC,2014-03-31T08:00:00Z,16.36,15.95,15.94,16.56,0.0
VCAC,2014-04-01T08:00:00Z,16.03,16.16,15.79,16.3,0.0
VCAC,2014-04-02T08:00:00Z,15.9,15.52,15.52,16.07,0.0
VCAC,2014-04-03T08:00:00Z,15.17,15.73,14.3,16.13,0.0
VCAC,2014-04-04T08:00:00Z,14.32,15.04,13.45,15.27,0.0
VCAC,2014-04-07T08:00:00Z,16.1,15.35,15.18,16.34,0.0
VCAC,2014-04-08T08:00:00Z,16.2,15.86,15.62,17.36,0.0
VCAC,2014-04-09T08:00:00Z,14.91,15.8,14.55,15.93,0.0
VCAC,2014-04-10T08:00:00Z,15.31,14.61,14.29,15.63,0.0
VCAC,2014-04-11T08:00:00Z,16.8,16.2,16.02,17.68,0.0
VCAC,2014-04-14T08:00:00Z,16.83,17.53,16.71,19.13,0.0
VCAC,2014-04-15T08:00:00Z,17.92,16.54,16.31,18.03,0.0
VCAC,2014-04-16T08:00:00Z,16.36,16.55,16.0,17.55,0.0
VCAC,2014-04-17T08:00:00Z,15.84,15.58,15.58,16.52,0.0
VCAC,2014-04-22T08:00:00Z,15.52,16.19,14.97,16.39,0.0
VCAC,2014-04-23T08:00:00Z,15.72,15.27,14.88,15.96,0.0
VCAC,2014-04-24T08:00:00Z,15.1,15.02,14.16,16.4,0.0
VCAC,2014-04-25T08:00:00Z,16.59,15.39,15.24,17.22,0.0
VCAC,2014-04-28T08:00:00Z,16.38,16.38,15.29,17.17,0.0
VCAC,2014-04-29T08:00:00Z,15.4,15.94,14.98,16.42,0.0
VCAC,2014-04-30T08:00:00Z,15.09,15.44,14.9,15.77,0.0
VCAC,2014-05-02T08:00:00Z,15.67,15.23,14.26,15.69,0.0
VCAC,2014-05-05T08:00:00Z,15.79,16.05,15.53,17.4,0.0
VCAC,2014-05-06T08:00:00Z,16.53,15.75,15.45,16.89,0.0
VCAC,2014-05-07T08:00:00Z,15.85,16.97,15.76,17.08,0.0
VCAC,2014-05-08T08:00:00Z,15.01,16.0,14.2,17.89,0.0
VCAC,2014-05-09T08:00:00Z,14.7,14.95,14.7,16.88,0.0
VCAC,2014-05-12T08:00:00Z,14.11,15.1,13.86,16.72,0.0
VCAC,2014-05-13T08:00:00Z,13.6,13.4,13.26,14.3,0.0
VCAC,2014-05-14T08:00:00Z,13.58,13.59,13.41,14.51,0.0
VCAC,2014-05-15T08:00:00Z,16.04,13.69,13.19,16.45,0.0
VCAC,2014-05-16T08:00:00Z,14.48,16.06,14.48,16.24,0.0
VCAC,2014-05-19T08:00:00Z,14.04,14.04,14.04,14.04,0.0
VCAC,2014-05-20T08:00:00Z,14.13,14.16,13.86,14.39,0.0
VCAC,2014-05-21T08:00:00Z,14.13,14.6,13.97,15.01,0.0
VCAC,2014-05-22T08:00:00Z,13.79,13.92,13.7,14.42,0.0
VCAC,2014-05-23T08:00:00Z,13.86,14.02,13.66,14.08,0.0
VCAC,2014-05-26T08:00:00Z,13.76,13.98,12.67,14.14,0.0
VCAC,2014-05-27T08:00:00Z,13.51,13.75,13.32,14.09,0.0
VCAC,2014-05-28T08:00:00Z,13.34,13.62,13.33,13.77,0.0
VCAC,2014-05-29T08:00:00Z,13.52,13.34,13.14,13.7,0.0
VCAC,2014-05-30T08:00:00Z,13.97,13.93,13.79,14.27,0.0
VCAC,2014-06-02T08:00:00Z,14.66,14.26,14.11,14.89,0.0
VCAC,2014-06-03T08:00:00Z,14.66,14.57,14.48,14.97,0.0
VCAC,2014-06-04T08:00:00Z,14.84,14.92,14.71,15.43,0.0
VCAC,2014-06-05T08:00:00Z,13.39,14.96,11.92,15.21,0.0
VCAC,2014-06-06T08:00:00Z,12.34,13.15,12.23,13.43,0.0
VCAC,2014-06-09T08:00:00Z,12.06,12.53,12.06,12.65,0.0
VCAC,2014-06-10T08:00:00Z,11.97,11.96,11.89,12.41,0.0
VCAC,2014-06-11T08:00:00Z,12.56,11.94,11.94,12.66,0.0
VCAC,2014-06-12T08:00:00Z,12.15,12.01,11.78,12.43,0.0
VCAC,2014-06-13T08:00:00Z,12.43,12.29,12.17,13.72,0.0
VCAC,2014-06-16T08:00:00Z,13.77,13.36,13.14,14.27,0.0
VCAC,2014-06-17T08:00:00Z,13.04,13.58,12.98,13.93,0.0
VCAC,2014-06-18T08:00:00Z,12.6,12.94,12.17,13.01,0.0
VCAC,2014-06-19T08:00:00Z,11.82,11.9,11.62,12.09,0.0
VCAC,2014-06-20T08:00:00Z,11.89,11.85,11.32,12.08,0.0
VCAC,2014-06-23T08:00:00Z,12.54,12.53,12.17,13.31,0.0
VCAC,2014-06-24T08:00:00Z,12.15,12.22,12.09,12.57,0.0
VCAC,2014-06-25T08:00:00Z,13.45,12.83,12.61,13.9,0.0
VCAC,2014-06-26T08:00:00Z,14.05,13.26,12.71,14.63,0.0
VCAC,2014-06-27T08:00:00Z,14.33,13.82,13.46,14.67,0.0
VCAC,2014-06-30T08:00:00Z,14.46,14.74,14.23,15.11,0.0
VCAC,2014-07-01T08:00:00Z,13.65,14.38,12.92,14.4,0.0
VCAC,2014-07-02T08:00:00Z,13.36,13.64,12.77,13.74,0.0
VCAC,2014-07-03T08:00:00Z,12.0,13.54,11.93,13.54,0.0
VCAC,2014-07-04T08:00:00Z,12.18,12.26,11.81,12.26,0.0
VCAC,2014-07-07T08:00:00Z,13.54,13.01,12.78,13.64,0.0
VCAC,2014-07-08T08:00:00Z,15.17,13.21,13.15,15.25,0.0
VCAC,2014-07-09T08:00:00Z,14.45,14.97,14.32,15.37,0.0
VCAC,2014-07-10T08:00:00Z,15.84,14.42,13.92,17.39,0.0
VCAC,2014-07-11T08:00:00Z,15.43,15.52,14.49,16.04,0.0
VCAC,2014-07-14T08:00:00Z,14.15,15.02,13.99,15.35,0.0
VCAC,2014-07-15T08:00:00Z,15.47,14.33,12.49,15.73,0.0
VCAC,2014-07-16T08:00:00Z,14.18,15.14,13.94,15.14,0.0
VCAC,2014-07-17T08:00:00Z,16.02,14.7,14.51,17.1,0.0
VCAC,2014-07-18T08:00:00Z,15.77,17.22,15.35,17.57,0.0
VCAC,2014-07-21T08:00:00Z,16.41,16.04,15.62,16.96,0.0
VCAC,2014-07-22T08:00:00Z,14.55,15.95,14.21,16.13,0.0
VCAC,2014-07-23T08:00:00Z,14.36,14.85,13.97,15.02,0.0
VCAC,2014-07-24T08:00:00Z,14.36,14.36,14.36,14.36,0.0
VCAC,2014-07-25T08:00:00Z,15.9,14.51,13.63,16.4,0.0
VCAC,2014-07-28T08:00:00Z,16.23,15.91,15.34,17.21,0.0
VCAC,2014-07-29T08:00:00Z,15.67,15.82,15.03,16.46,0.0
VCAC,2014-07-30T08:00:00Z,16.47,16.12,14.9,17.39,0.0
VCAC,2014-07-31T08:00:00Z,17.86,16.43,15.96,18.96,0.0
VCAC,2014-08-01T08:00:00Z,18.81,18.67,13.13,20.18,0.0
VCAC,2014-08-04T08:00:00Z,18.38,19.31,17.33,19.34,0.0
VCAC,2014-08-05T08:00:00Z,17.58,17.77,16.79,18.24,0.0
VCAC,2014-08-06T08:00:00Z,17.72,18.16,17.22,19.64,0.0
VCAC,2014-08-07T08:00:00Z,19.12,18.22,16.41,21.45,0.0
VCAC,2014-08-08T08:00:00Z,20.19,20.7,19.03,22.15,0.0
VCAC,2014-08-11T08:00:00Z,18.47,19.95,17.88,20.17,0.0
VCAC,2014-08-12T08:00:00Z,18.72,18.38,17.28,19.61,0.0
VCAC,2014-08-13T08:00:00Z,17.13,17.96,15.93,18.85,0.0
VCAC,2014-08-14T08:00:00Z,16.59,17.63,15.95,18.15,0.0
VCAC,2014-08-15T08:00:00Z,18.83,16.26,14.92,20.04,0.0
VCAC,2014-08-18T08:00:00Z,16.72,16.14,15.33,18.45,0.0
VCAC,2014-08-19T08:00:00Z,15.82,15.79,15.24,16.44,0.0
VCAC,2014-08-20T08:00:00Z,16.06,15.74,14.57,17.3,0.0
VCAC,2014-08-21T08:00:00Z,14.89,15.67,14.63,16.77,0.0
VCAC,2014-08-22T08:00:00Z,15.37,14.6,14.07,16.85,0.0
VCAC,2014-08-25T08:00:00Z,15.35,15.43,14.46,15.94,0.0
VCAC,2014-08-26T08:00:00Z,14.94,15.35,14.63,15.93,0.0
VCAC,2014-08-27T08:00:00Z,15.15,14.97,14.87,15.37,0.0
VCAC,2014-08-28T08:00:00Z,16.21,15.29,11.6,16.87,0.0
VCAC,2014-08-29T08:00:00Z,16.35,15.98,15.53,17.55,0.0
VCAC,2014-09-01T08:00:00Z,16.75,16.05,16.0,17.39,0.0
VCAC,2014-09-02T08:00:00Z,16.96,16.3,14.41,17.02,0.0
VCAC,2014-09-03T08:00:00Z,15.9,16.14,14.86,16.39,0.0
VCAC,2014-09-04T08:00:00Z,14.7,15.85,11.87,39.15,0.0
VCAC,2014-09-05T08:00:00Z,14.68,15.19,13.8,15.69,0.0
VCAC,2014-09-08T08:00:00Z,15.06,15.39,14.21,15.72,0.0
VCAC,2014-09-09T08:00:00Z,15.12,15.14,14.65,15.36,0.0
VCAC,2014-09-10T08:00:00Z,15.38,15.17,15.01,15.63,0.0
VCAC,2014-09-11T08:00:00Z,15.39,14.94,14.72,16.06,0.0
VCAC,2014-09-12T08:00:00Z,14.81,15.33,14.57,15.49,0.0
VCAC,2014-09-15T08:00:00Z,15.77,15.72,15.35,16.37,0.0
VCAC,2014-09-16T08:00:00Z,17.08,15.79,15.79,17.61,0.0
VCAC,2014-09-17T08:00:00Z,15.71,15.94,15.13,16.37,0.0
VCAC,2014-09-18T08:00:00Z,15.46,15.51,14.62,15.6,0.0
VCAC,2014-09-19T08:00:00Z,14.31,14.22,13.93,15.34,0.0
VCAC,2014-09-22T08:00:00Z,15.5,15.16,14.74,15.64,0.0
VCAC,2014-09-23T08:00:00Z,17.05,15.57,15.26,17.25,0.0
VCAC,2014-09-24T08:00:00Z,15.13,16.83,14.97,17.31,0.0
VCAC,2014-09-25T08:00:00Z,16.7,15.21,13.97,17.27,0.0
VCAC,2014-09-26T08:00:00Z,16.6,16.65,14.92,17.65,0.0
VCAC,2014-09-29T08:00:00Z,17.93,17.16,16.9,18.82,0.0
VCAC,2014-09-30T08:00:00Z,16.7,17.54,16.4,17.77,0.0
VCAC,2014-10-01T08:00:00Z,17.95,17.23,16.46,18.57,0.0
VCAC,2014-10-02T08:00:00Z,19.6,18.27,16.51,19.94,0.0
VCAC,2014-10-03T08:00:00Z,18.7,19.3,16.99,46.0,0.0
VCAC,2014-10-06T08:00:00Z,18.33,18.83,17.6,18.93,0.0
VCAC,2014-10-07T08:00:00Z,19.8,18.91,18.64,20.58,0.0
VCAC,2014-10-08T08:00:00Z,20.19,19.97,19.46,20.74,0.0
VCAC,2014-10-09T08:00:00Z,19.0,18.51,17.87,21.28,0.0
VCAC,2014-10-10T08:00:00Z,24.12,21.06,20.53,24.12,0.0
VCAC,2014-10-13T08:00:00Z,24.0,24.98,21.19,25.23,0.0
VCAC,2014-10-14T08:00:00Z,23.25,23.57,22.35,26.06,0.0
VCAC,2014-10-15T08:00:00Z,24.89,22.85,22.37,109.92,0.0
VCAC,2014-10-16T08:00:00Z,29.82,27.26,23.39,138.46,0.0
VCAC,2014-10-17T08:00:00Z,24.02,25.24,18.92,29.08,0.0
VCAC,2014-10-20T08:00:00Z,24.08,25.25,22.34,25.84,0.0
VCAC,2014-10-21T08:00:00Z,21.34,24.67,20.35,25.09,0.0
VCAC,2014-10-22T08:00:00Z,21.0,21.1,20.87,22.23,0.0
VCAC,2014-10-23T08:00:00Z,20.32,21.7,18.57,22.6,0.0
VCAC,2014-10-24T08:00:00Z,20.99,21.06,19.14,21.48,0.0
VCAC,2014-10-27T09:00:00Z,22.25,20.6,20.29,23.64,0.0
VCAC,2014-10-28T09:00:00Z,20.01,22.25,17.95,22.25,0.0
VCAC,2014-10-29T09:00:00Z,19.89,19.44,19.08,20.08,0.0
VCAC,2014-10-30T09:00:00Z,19.84,18.82,18.32,22.04,0.0
VCAC,2014-10-31T09:00:00Z,19.16,18.67,17.85,19.5,0.0
VCAC,2014-11-03T09:00:00Z,20.14,19.69,18.68,20.46,0.0
VCAC,2014-11-04T09:00:00Z,22.12,20.59,19.17,22.12,0.0
VCAC,2014-11-05T09:00:00Z,20.81,21.1,19.7,21.77,0.0
VCAC,2014-11-06T09:00:00Z,19.86,21.27,17.54,21.83,0.0
VCAC,2014-11-07T09:00:00Z,20.34,19.94,18.56,20.96,0.0
VCAC,2014-11-10T09:00:00Z,18.77,21.05,18.34,21.05,0.0
VCAC,2014-11-11T09:00:00Z,17.51,18.57,17.22,18.65,0.0
VCAC,2014-11-12T09:00:00Z,19.36,17.23,17.16,19.62,0.0
VCAC,2014-11-13T09:00:00Z,18.3,19.04,17.89,20.67,0.0
VCAC,2014-11-14T09:00:00Z,18.7,18.67,16.82,20.39,0.0
VCAC,2014-11-17T09:00:00Z,18.32,19.76,18.31,20.62,0.0
VCAC,2014-11-18T09:00:00Z,17.76,18.42,16.35,18.44,0.0
VCAC,2014-11-19T09:00:00Z,18.21,17.93,17.02,18.42,0.0
VCAC,2014-11-20T09:00:00Z,18.58,18.29,16.88,20.07,0.0
VCAC,2014-11-21T09:00:00Z,17.24,18.08,16.42,18.83,0.0
VCAC,2014-11-24T09:00:00Z,18.18,17.58,15.74,18.64,0.0
VCAC,2014-11-25T09:00:00Z,17.37,17.75,16.68,18.32,0.0
VCAC,2014-11-26T09:00:00Z,17.03,16.58,16.33,17.97,0.0
VCAC,2014-11-27T09:00:00Z,16.7,17.03,16.3,17.03,0.0
VCAC,2014-11-28T09:00:00Z,16.6,17.05,16.0,17.71,0.0
VCAC,2014-12-01T09:00:00Z,18.08,16.69,16.69,18.78,0.0
VCAC,2014-12-02T09:00:00Z,17.97,17.8,16.41,18.4,0.0
VCAC,2014-12-03T09:00:00Z,17.84,17.8,17.02,18.38,0.0
VCAC,2014-12-04T09:00:00Z,16.94,17.8,9.68,18.01,0.0
VCAC,2014-12-05T09:00:00Z,14.72,16.53,14.72,16.63,0.0
VCAC,2014-12-08T09:00:00Z,15.98,16.33,15.61,16.6,0.0
VCAC,2014-12-09T09:00:00Z,20.3,16.93,15.93,39.68,0.0
VCAC,2014-12-10T09:00:00Z,20.94,19.12,17.61,21.83,0.0
VCAC,2014-12-11T09:00:00Z,19.08,21.32,16.54,22.68,0.0
VCAC,2014-12-12T09:00:00Z,24.01,21.65,19.98,26.29,0.0
VCAC,2014-12-15T09:00:00Z,27.17,25.11,21.23,29.64,0.0
VCAC,2014-12-16T09:00:00Z,24.94,27.44,22.99,31.72,0.0
VCAC,2014-12-17T09:00:00Z,25.7,26.88,23.31,28.9,0.0
VCAC,2014-12-18T09:00:00Z,21.62,22.11,20.76,23.56,0.0
VCAC,2014-12-19T09:00:00Z,21.86,20.96,14.58,23.74,0.0
VCAC,2014-12-22T09:00:00Z,21.75,22.05,19.25,22.05,0.0
VCAC,2014-12-23T09:00:00Z,20.44,21.21,18.67,21.41,0.0
VCAC,2014-12-24T09:00:00Z,20.48,20.26,19.33,20.54,0.0
VCAC,2014-12-29T09:00:00Z,22.97,21.48,20.8,24.39,0.0
VCAC,2014-12-30T09:00:00Z,21.78,21.54,21.29,24.22,0.0
VCAC,2014-12-31T09:00:00Z,21.54,23.99,21.38,24.06,0.0
VCAC,2015-01-05T09:00:00Z,27.0,24.46,21.77,28.47,0.0
VCAC,2015-01-06T09:00:00Z,26.51,27.19,24.2,29.13,0.0
VCAC,2015-01-07T09:00:00Z,25.92,26.93,25.53,27.25,0.0
VCAC,2015-01-08T09:00:00Z,24.3,25.27,23.66,25.98,0.0
VCAC,2015-01-09T09:00:00Z,27.68,24.42,23.74,28.18,0.0
VCAC,2015-01-12T09:00:00Z,28.28,26.83,24.22,30.57,0.0
VCAC,2015-01-13T09:00:00Z,26.59,27.26,26.59,29.32,0.0
VCAC,2015-01-14T09:00:00Z,27.5,28.48,24.87,29.57,0.0
VCAC,2015-01-15T09:00:00Z,26.96,26.78,22.98,30.72,0.0
VCAC,2015-01-16T09:00:00Z,26.98,26.21,23.58,29.73,0.0
VCAC,2015-01-19T09:00:00Z,26.46,27.17,23.74,30.72,0.0
VCAC,2015-01-20T09:00:00Z,25.15,25.29,23.38,26.04,0.0
VCAC,2015-01-21T09:00:00Z,23.64,24.96,23.38,29.01,0.0
VCAC,2015-01-22T09:00:00Z,21.24,23.69,18.78,78.26,0.0
VCAC,2015-01-23T09:00:00Z,21.51,20.76,18.04,22.4,0.0
VCAC,2015-01-26T09:00:00Z,20.2,21.99,19.62,22.07,0.0
VCAC,2015-01-27T09:00:00Z,21.55,19.79,18.94,22.11,0.0
VCAC,2015-01-28T09:00:00Z,21.2,20.51,19.4,22.14,0.0
VCAC,2015-01-29T09:00:00Z,21.28,20.86,20.05,22.48,0.0
VCAC,2015-01-30T09:00:00Z,23.22,20.86,19.23,23.49,0.0
VCAC,2015-02-02T09:00:00Z,22.33,23.39,20.0,25.31,0.0
VCAC,2015-02-03T09:00:00Z,21.57,22.32,15.66,22.36,0.0
VCAC,2015-02-04T09:00:00Z,20.97,21.37,19.93,22.93,0.0
VCAC,2015-02-05T09:00:00Z,20.47,21.9,19.29,22.14,0.0
VCAC,2015-02-06T09:00:00Z,20.2,21.12,17.68,21.24,0.0
VCAC,2015-02-09T09:00:00Z,23.33,21.7,18.04,24.14,0.0
VCAC,2015-02-10T09:00:00Z,22.83,22.98,21.01,24.24,0.0
VCAC,2015-02-11T09:00:00Z,23.83,23.04,22.31,24.85,0.0
VCAC,2015-02-12T09:00:00Z,22.15,23.4,17.92,23.49,0.0
VCAC,2015-02-13T09:00:00Z,21.85,22.45,19.33,25.22,0.0
VCAC,2015-02-16T09:00:00Z,22.97,22.4,20.9,23.58,0.0
VCAC,2015-02-17T09:00:00Z,22.29,22.85,20.72,24.35,0.0
VCAC,2015-02-18T09:00:00Z,20.78,21.83,20.49,23.56,0.0
VCAC,2015-02-19T09:00:00Z,20.34,21.04,19.12,22.29,0.0
VCAC,2015-02-20T09:00:00Z,21.26,20.25,17.7,23.25,0.0
VCAC,2015-02-23T09:00:00Z,18.76,19.83,16.04,20.62,0.0
VCAC,2015-02-24T09:00:00Z,17.32,18.29,16.32,18.96,0.0
VCAC,2015-02-25T09:00:00Z,16.48,17.3,16.47,17.41,0.0
VCAC,2015-02-26T09:00:00Z,16.24,16.59,13.45,16.81,0.0
VCAC,2015-02-27T09:00:00Z,16.8,16.16,14.44,17.38,0.0
VCAC,2015-03-02T09:00:00Z,18.26,16.58,15.17,18.26,0.0
VCAC,2015-03-03T09:00:00Z,18.04,16.76,16.33,18.48,0.0
VCAC,2015-03-04T09:00:00Z,17.29,17.43,15.94,18.92,0.0
VCAC,2015-03-05T09:00:00Z,16.58,17.07,14.73,17.35,0.0
VCAC,2015-03-06T09:00:00Z,16.84,16.5,14.55,17.0,0.0
VCAC,2015-03-09T09:00:00Z,17.57,17.55,16.86,18.38,0.0
VCAC,2015-03-10T09:00:00Z,19.19,17.48,16.15,19.71,0.0
VCAC,2015-03-11T09:00:00Z,18.45,18.78,17.0,18.82,0.0
VCAC,2015-03-12T09:00:00Z,18.14,18.56,16.39,18.56,0.0
VCAC,2015-03-13T09:00:00Z,17.53,17.56,16.7,18.22,0.0
VCAC,2015-03-16T09:00:00Z,18.18,17.03,16.53,18.56,0.0
VCAC,2015-03-17T09:00:00Z,19.18,18.22,17.48,19.96,0.0
VCAC,2015-03-18T09:00:00Z,18.53,18.8,18.17,19.73,0.0
VCAC,2015-03-19T09:00:00Z,17.74,17.96,16.8,19.09,0.0
VCAC,2015-03-20T09:00:00Z,16.65,17.51,16.55,18.24,0.0
VCAC,2015-03-23T09:00:00Z,18.54,17.84,17.76,18.98,0.0
VCAC,2015-03-24T09:00:00Z,16.61,18.72,16.46,18.89,0.0
VCAC,2015-03-25T09:00:00Z,17.94,16.91,16.69,18.25,0.0
VCAC,2015-03-26T09:00:00Z,18.19,18.54,18.14,20.58,0.0
VCAC,2015-03-27T09:00:00Z,19.21,18.23,16.41,19.28,0.0
VCAC,2015-03-30T08:00:00Z,19.06,18.82,16.92,19.06,0.0
VCAC,2015-03-31T08:00:00Z,19.36,18.64,17.3,20.33,0.0
VCAC,2015-04-01T08:00:00Z,19.87,19.36,17.3,20.83,0.0
VCAC,2015-04-02T08:00:00Z,19.17,19.52,17.31,19.87,0.0
VCAC,2015-04-07T08:00:00Z,19.01,19.82,18.37,20.28,0.0
VCAC,2015-04-08T08:00:00Z,17.77,19.0,17.0,19.18,0.0
VCAC,2015-04-09T08:00:00Z,16.46,17.32,16.27,18.4,0.0
VCAC,2015-04-10T08:00:00Z,15.88,16.34,13.15,16.84,0.0
VCAC,2015-04-13T08:00:00Z,16.81,16.97,16.44,17.26,0.0
VCAC,2015-04-14T08:00:00Z,17.92,17.15,16.28,18.23,0.0
VCAC,2015-04-15T08:00:00Z,17.29,17.84,16.1,17.97,0.0
VCAC,2015-04-16T08:00:00Z,18.73,17.63,16.88,18.99,0.0
VCAC,2015-04-17T08:00:00Z,22.33,19.14,18.66,22.8,0.0
VCAC,2015-04-20T08:00:00Z,21.0,22.07,20.38,22.07,0.0
VCAC,2015-04-21T08:00:00Z,20.63,20.37,16.98,21.47,0.0
VCAC,2015-04-22T08:00:00Z,21.59,20.56,19.16,22.31,0.0
VCAC,2015-04-23T08:00:00Z,20.95,20.91,20.71,23.32,0.0
VCAC,2015-04-24T08:00:00Z,20.43,20.35,17.69,21.9,0.0
VCAC,2015-04-27T08:00:00Z,19.9,21.21,17.95,22.63,0.0
VCAC,2015-04-28T08:00:00Z,21.16,20.08,19.3,21.92,0.0
VCAC,2015-04-29T08:00:00Z,23.03,20.55,18.37,23.85,0.0
VCAC,2015-04-30T08:00:00Z,21.01,22.82,20.0,23.71,0.0
VCAC,2015-05-04T08:00:00Z,22.22,19.37,19.37,24.01,0.0
VCAC,2015-05-05T08:00:00Z,23.88,22.38,19.29,24.7,0.0
VCAC,2015-05-06T08:00:00Z,22.72,20.38,20.38,25.55,0.0
VCAC,2015-05-07T08:00:00Z,22.26,22.99,19.21,27.04,0.0
VCAC,2015-05-08T08:00:00Z,20.12,22.43,19.02,23.97,0.0
VCAC,2015-05-11T08:00:00Z,21.12,20.7,19.8,22.85,0.0
VCAC,2015-05-12T08:00:00Z,21.56,21.06,19.37,23.56,0.0
VCAC,2015-05-13T08:00:00Z,21.84,21.54,18.18,22.12,0.0
VCAC,2015-05-14T08:00:00Z,20.68,21.98,16.65,23.04,0.0
VCAC,2015-05-15T08:00:00Z,20.51,20.4,19.26,21.28,0.0
VCAC,2015-05-18T08:00:00Z,19.91,20.17,18.92,21.77,0.0
VCAC,2015-05-19T08:00:00Z,19.41,19.46,16.93,19.86,0.0
VCAC,2015-05-20T08:00:00Z,18.93,19.12,18.86,19.87,0.0
VCAC,2015-05-21T08:00:00Z,18.73,18.69,18.69,19.57,0.0
VCAC,2015-05-22T08:00:00Z,18.8,18.71,18.27,18.86,0.0
VCAC,2015-05-25T08:00:00Z,19.57,19.35,19.35,20.11,0.0
VCAC,2015-05-26T08:00:00Z,21.06,19.25,19.14,21.65,0.0
VCAC,2015-05-27T08:00:00Z,19.65,20.66,18.59,21.26,0.0
VCAC,2015-05-28T08:00:00Z,20.83,20.02,18.61,21.3,0.0
VCAC,2015-05-29T08:00:00Z,22.48,20.46,18.03,22.63,0.0
VCAC,2015-06-01T08:00:00Z,23.41,22.58,20.05,23.62,0.0
VCAC,2015-06-02T08:00:00Z,23.42,23.03,21.12,64.24,0.0
VCAC,2015-06-03T08:00:00Z,23.06,23.3,20.85,23.98,0.0
VCAC,2015-06-04T08:00:00Z,23.75,23.63,22.37,24.86,0.0
VCAC,2015-06-05T08:00:00Z,24.28,24.31,23.21,24.89,0.0
VCAC,2015-06-08T08:00:00Z,24.96,25.25,24.04,25.57,0.0
VCAC,2015-06-09T08:00:00Z,24.54,25.08,24.39,26.09,0.0
VCAC,2015-06-10T08:00:00Z,23.23,24.79,22.33,24.85,0.0
VCAC,2015-06-11T08:00:00Z,23.1,23.82,21.71,25.04,0.0
VCAC,2015-06-12T08:00:00Z,24.9,23.49,22.13,26.18,0.0
VCAC,2015-06-15T08:00:00Z,27.23,25.54,25.3,27.64,0.0
VCAC,2015-06-16T08:00:00Z,27.57,27.72,25.97,28.57,0.0
VCAC,2015-06-17T08:00:00Z,27.06,27.47,26.38,28.18,0.0
VCAC,2015-06-18T08:00:00Z,27.08,26.98,26.76,29.0,0.0
VCAC,2015-06-19T08:00:00Z,27.13,26.87,24.66,27.86,0.0
VCAC,2015-06-22T08:00:00Z,22.55,27.13,22.55,27.13,0.0
VCAC,2015-06-23T08:00:00Z,22.45,21.58,20.96,22.6,0.0
VCAC,2015-06-24T08:00:00Z,23.6,22.05,21.97,25.39,0.0
VCAC,2015-06-25T08:00:00Z,24.43,24.24,19.87,51.94,0.0
VCAC,2015-06-26T08:00:00Z,25.28,25.3,21.65,26.36,0.0
VCAC,2015-06-29T08:00:00Z,29.32,25.28,25.28,30.41,0.0
VCAC,2015-06-30T08:00:00Z,31.26,29.53,27.21,31.35,0.0
VCAC,2015-07-01T08:00:00Z,29.33,30.82,25.42,30.94,0.0
VCAC,2015-07-02T08:00:00Z,30.64,28.94,28.37,30.65,0.0
VCAC,2015-07-03T08:00:00Z,31.81,30.96,30.49,32.98,0.0
VCAC,2015-07-06T08:00:00Z,29.25,32.41,28.39,32.5,0.0
VCAC,2015-07-07T08:00:00Z,29.86,28.84,28.08,30.28,0.0
VCAC,2015-07-08T08:00:00Z,30.72,29.4,29.07,31.02,0.0
VCAC,2015-07-09T08:00:00Z,31.49,31.87,30.5,33.44,0.0
VCAC,2015-07-10T08:00:00Z,27.54,29.18,21.61,31.63,0.0
VCAC,2015-07-13T08:00:00Z,22.58,24.26,22.21,27.4,0.0
VCAC,2015-07-14T08:00:00Z,20.5,22.52,20.31,22.74,0.0
VCAC,2015-07-15T08:00:00Z,19.88,20.82,17.78,21.48,0.0
VCAC,2015-07-16T08:00:00Z,18.04,18.83,15.43,19.15,0.0
VCAC,2015-07-17T08:00:00Z,17.58,17.57,16.5,18.66,0.0
VCAC,2015-07-20T08:00:00Z,17.05,17.92,16.91,18.38,0.0
VCAC,2015-07-21T08:00:00Z,17.14,16.67,16.22,17.52,0.0
VCAC,2015-07-22T08:00:00Z,17.39,17.39,16.79,17.76,0.0
VCAC,2015-07-23T08:00:00Z,16.6,16.81,16.45,17.21,0.0
VCAC,2015-07-24T08:00:00Z,17.74,16.78,16.0,17.8,0.0
VCAC,2015-07-27T08:00:00Z,20.72,18.76,18.54,20.94,0.0
VCAC,2015-07-28T08:00:00Z,19.79,20.19,18.13,20.74,0.0
VCAC,2015-07-29T08:00:00Z,19.1,18.99,18.72,19.66,0.0
VCAC,2015-07-30T08:00:00Z,18.98,18.43,18.04,19.51,0.0
VCAC,2015-07-31T08:00:00Z,18.28,18.78,18.24,18.96,0.0
VCAC,2015-08-03T08:00:00Z,17.73,18.96,17.62,19.02,0.0
VCAC,2015-08-04T08:00:00Z,17.32,17.95,17.29,18.3,0.0
VCAC,2015-08-05T08:00:00Z,16.66,16.98,11.61,16.98,0.0
VCAC,2015-08-06T08:00:00Z,17.2,17.02,16.56,17.24,0.0
VCAC,2015-08-07T08:00:00Z,17.57,17.58,16.82,17.83,0.0
VCAC,2015-08-10T08:00:00Z,17.29,17.49,17.02,18.67,0.0
VCAC,2015-08-11T08:00:00Z,19.41,17.48,17.19,19.41,0.0
VCAC,2015-08-12T08:00:00Z,23.13,20.28,20.03,24.05,0.0
VCAC,2015-08-13T08:00:00Z,22.16,21.9,20.78,22.98,0.0
VCAC,2015-08-14T08:00:00Z,21.87,21.87,20.98,22.45,0.0
VCAC,2015-08-17T08:00:00Z,21.34,21.8,20.86,22.79,0.0
VCAC,2015-08-18T08:00:00Z,21.47,21.33,20.36,21.91,0.0
VCAC,2015-08-19T08:00:00Z,22.48,21.88,20.89,22.62,0.0
VCAC,2015-08-20T08:00:00Z,23.97,22.62,21.68,24.23,0.0
VCAC,2015-08-21T08:00:00Z,28.15,25.14,24.43,28.24,0.0
VCAC,2015-08-24T08:00:00Z,39.01,30.52,30.39,64.06,0.0
VCAC,2015-08-25T08:00:00Z,31.62,35.99,26.93,36.28,0.0
VCAC,2015-08-26T08:00:00Z,33.9,34.34,25.42,36.28,0.0
VCAC,2015-08-27T08:00:00Z,29.33,30.6,23.88,30.93,0.0
VCAC,2015-08-28T08:00:00Z,29.62,28.37,28.01,30.32,0.0
VCAC,2015-08-31T08:00:00Z,29.65,30.3,29.51,31.39,0.0
VCAC,2015-09-01T08:00:00Z,32.81,31.18,26.68,33.99,0.0
VCAC,2015-09-02T08:00:00Z,31.98,31.79,30.73,33.23,0.0
VCAC,2015-09-03T08:00:00Z,28.82,30.46,24.26,30.59,0.0
VCAC,2015-09-04T08:00:00Z,32.3,29.86,26.34,34.14,0.0
VCAC,2015-09-07T08:00:00Z,33.45,31.14,30.83,33.98,0.0
VCAC,2015-09-08T08:00:00Z,30.53,32.07,29.17,32.07,0.0
VCAC,2015-09-09T08:00:00Z,28.5,30.54,26.66,30.54,0.0
VCAC,2015-09-10T08:00:00Z,30.26,29.67,26.68,32.19,0.0
VCAC,2015-09-11T08:00:00Z,30.03,29.51,29.48,31.71,0.0
VCAC,2015-09-14T08:00:00Z,29.78,30.12,29.04,30.74,0.0
VCAC,2015-09-15T08:00:00Z,28.39,29.59,25.95,30.8,0.0
VCAC,2015-09-16T08:00:00Z,26.32,27.91,23.17,27.99,0.0
VCAC,2015-09-17T08:00:00Z,25.61,26.0,23.75,27.38,0.0
VCAC,2015-09-18T08:00:00Z,26.79,25.61,23.86,28.63,0.0
VCAC,2015-09-21T08:00:00Z,25.72,27.3,25.64,27.42,0.0
VCAC,2015-09-22T08:00:00Z,30.46,25.35,25.35,30.47,0.0
VCAC,2015-09-23T08:00:00Z,29.48,28.8,27.88,30.7,0.0
VCAC,2015-09-24T08:00:00Z,31.49,29.45,26.33,32.87,0.0
VCAC,2015-09-25T08:00:00Z,29.13,29.53,24.59,30.15,0.0
VCAC,2015-09-28T08:00:00Z,31.79,30.19,26.15,32.62,0.0
VCAC,2015-09-29T08:00:00Z,32.29,33.13,30.94,33.72,0.0
VCAC,2015-09-30T08:00:00Z,30.41,30.53,27.78,30.8,0.0
VCAC,2015-10-01T08:00:00Z,30.56,29.02,26.8,31.35,0.0
VCAC,2015-10-02T08:00:00Z,29.69,29.28,24.58,31.31,0.0
VCAC,2015-10-05T08:00:00Z,27.42,28.41,26.08,29.28,0.0
VCAC,2015-10-06T08:00:00Z,25.21,27.62,25.0,28.2,0.0
VCAC,2015-10-07T08:00:00Z,25.07,24.59,23.49,25.3,0.0
VCAC,2015-10-08T08:00:00Z,23.06,24.48,23.01,26.42,0.0
VCAC,2015-10-09T08:00:00Z,21.41,21.95,21.32,23.87,0.0
VCAC,2015-10-12T08:00:00Z,21.77,22.41,21.52,23.42,0.0
VCAC,2015-10-13T08:00:00Z,23.23,22.13,22.07,24.24,0.0
VCAC,2015-10-14T08:00:00Z,24.37,23.89,22.24,25.03,0.0
VCAC,2015-10-15T08:00:00Z,23.46,23.78,21.94,24.75,0.0
VCAC,2015-10-16T08:00:00Z,22.93,22.87,21.98,23.3,0.0
VCAC,2015-10-19T08:00:00Z,21.98,23.85,21.61,23.85,0.0
VCAC,2015-10-20T08:00:00Z,21.47,21.66,21.19,22.51,0.0
VCAC,2015-10-21T08:00:00Z,21.61,21.31,20.76,22.44,0.0
VCAC,2015-10-22T08:00:00Z,19.49,22.08,19.16,22.25,0.0
VCAC,2015-10-23T08:00:00Z,19.28,18.78,17.81,19.78,0.0
VCAC,2015-10-26T09:00:00Z,20.03,19.9,19.62,20.57,0.0
VCAC,2015-10-27T09:00:00Z,20.45,20.39,19.77,20.83,0.0
VCAC,2015-10-28T09:00:00Z,20.22,20.07,19.75,20.56,0.0
VCAC,2015-10-29T09:00:00Z,20.4,19.91,19.44,21.15,0.0
VCAC,2015-10-30T09:00:00Z,19.81,20.03,18.21,20.46,0.0
VCAC,2015-11-02T09:00:00Z,20.26,21.04,18.16,21.04,0.0
VCAC,2015-11-03T09:00:00Z,19.6,20.29,19.27,20.35,0.0
VCAC,2015-11-04T09:00:00Z,19.88,19.37,18.8,20.28,0.0
VCAC,2015-11-05T09:00:00Z,20.08,19.85,19.16,20.7,0.0
VCAC,2015-11-06T09:00:00Z,19.75,19.96,18.93,20.96,0.0
VCAC,2015-11-09T09:00:00Z,21.22,20.37,20.04,21.26,0.0
VCAC,2015-11-10T09:00:00Z,21.69,20.98,20.73,22.17,0.0
VCAC,2015-11-11T09:00:00Z,20.95,21.33,20.19,21.33,0.0
VCAC,2015-11-12T09:00:00Z,22.86,21.79,19.92,23.56,0.0
VCAC,2015-11-13T09:00:00Z,24.04,23.11,21.6,25.06,0.0
VCAC,2015-11-16T09:00:00Z,24.61,25.26,22.57,25.84,0.0
VCAC,2015-11-17T09:00:00Z,22.71,23.77,20.88,23.77,0.0
VCAC,2015-11-18T09:00:00Z,23.53,23.45,22.56,24.29,0.0
VCAC,2015-11-19T09:00:00Z,22.62,22.89,20.86,23.14,0.0
VCAC,2015-11-20T09:00:00Z,21.81,22.37,21.61,23.28,0.0
VCAC,2015-11-23T09:00:00Z,22.14,22.45,22.01,22.95,0.0
VCAC,2015-11-24T09:00:00Z,24.68,22.54,20.73,25.21,0.0
VCAC,2015-11-25T09:00:00Z,23.33,23.72,21.25,24.01,0.0
VCAC,2015-11-26T09:00:00Z,22.4,23.31,21.78,23.38,0.0
VCAC,2015-11-27T09:00:00Z,22.56,23.01,21.81,23.27,0.0
VCAC,2015-11-30T09:00:00Z,23.06,23.33,20.74,23.65,0.0
VCAC,2015-12-01T09:00:00Z,23.0,22.9,20.02,23.74,0.0
VCAC,2015-12-02T09:00:00Z,22.33,22.84,21.23,23.21,0.0
VCAC,2015-12-03T09:00:00Z,22.11,22.31,15.92,23.52,0.0
VCAC,2015-12-04T09:00:00Z,22.21,22.13,21.44,23.57,0.0
VCAC,2015-12-07T09:00:00Z,21.62,22.07,20.27,22.39,0.0
VCAC,2015-12-08T09:00:00Z,22.83,21.35,20.98,23.79,0.0
VCAC,2015-12-09T09:00:00Z,23.72,22.74,21.71,24.47,0.0
VCAC,2015-12-10T09:00:00Z,23.49,23.52,22.68,24.54,0.0
VCAC,2015-12-11T09:00:00Z,25.83,23.81,23.42,27.37,0.0
VCAC,2015-12-14T09:00:00Z,29.74,26.18,24.5,30.25,0.0
VCAC,2015-12-15T09:00:00Z,26.63,28.11,25.49,28.12,0.0
VCAC,2015-12-16T09:00:00Z,24.77,26.06,24.42,27.01,0.0
VCAC,2015-12-18T09:00:00Z,23.09,22.83,22.31,24.26,0.0
VCAC,2015-12-21T09:00:00Z,23.12,23.89,21.92,24.03,0.0
VCAC,2015-12-22T09:00:00Z,21.99,23.17,20.21,23.98,0.0
VCAC,2015-12-23T09:00:00Z,19.65,20.98,18.43,20.98,0.0
VCAC,2015-12-24T09:00:00Z,19.52,19.63,19.15,20.01,0.0
VCAC,2015-12-28T09:00:00Z,21.78,20.88,18.74,22.1,0.0
VCAC,2015-12-29T09:00:00Z,20.9,20.87,20.01,21.07,0.0
VCAC,2015-12-30T09:00:00Z,21.62,21.0,20.54,21.88,0.0
VCAC,2015-12-31T09:00:00Z,21.4,21.15,21.15,22.2,0.0
VCAC,2016-01-04T09:00:00Z,26.01,24.17,23.56,26.88,0.0
VCAC,2016-01-05T09:00:00Z,25.67,24.99,24.14,27.12,0.0
VCAC,2016-01-06T09:00:00Z,25.79,25.37,24.37,27.57,0.0
VCAC,2016-01-07T09:00:00Z,28.54,27.75,26.49,32.36,0.0
VCAC,2016-01-08T09:00:00Z,29.76,28.51,24.15,29.76,0.0
VCAC,2016-01-11T09:00:00Z,29.71,30.21,28.86,30.65,0.0
VCAC,2016-01-12T09:00:00Z,27.9,29.57,27.12,29.89,0.0
VCAC,2016-01-13T09:00:00Z,27.46,26.91,25.57,28.54,0.0
VCAC,2016-01-14T09:00:00Z,29.12,29.25,28.96,32.36,0.0
VCAC,2016-01-15T09:00:00Z,33.52,29.9,29.31,34.8,0.0
VCAC,2016-01-18T09:00:00Z,33.32,33.18,31.38,34.96,0.0
VCAC,2016-01-19T09:00:00Z,30.02,31.48,29.65,31.77,0.0
VCAC,2016-01-20T09:00:00Z,34.16,32.62,29.44,35.31,0.0
VCAC,2016-01-21T09:00:00Z,30.98,33.67,21.32,34.14,0.0
VCAC,2016-01-22T09:00:00Z,27.45,28.87,26.54,30.03,0.0
VCAC,2016-01-25T09:00:00Z,27.58,27.86,27.28,28.69,0.0
VCAC,2016-01-26T09:00:00Z,27.36,29.39,26.92,29.98,0.0
VCAC,2016-01-27T09:00:00Z,26.98,27.67,24.0,28.39,0.0
VCAC,2016-01-28T09:00:00Z,28.82,26.96,25.92,29.58,0.0
VCAC,2016-01-29T09:00:00Z,26.52,27.32,25.32,28.14,0.0
VCAC,2016-02-01T09:00:00Z,26.58,27.16,25.82,27.46,0.0
VCAC,2016-02-02T09:00:00Z,28.42,26.8,26.26,29.28,0.0
VCAC,2016-02-03T09:00:00Z,30.13,28.7,25.25,31.09,0.0
VCAC,2016-02-04T09:00:00Z,28.99,29.23,24.73,30.62,0.0
VCAC,2016-02-05T09:00:00Z,29.37,28.96,26.49,29.67,0.0
VCAC,2016-02-08T09:00:00Z,32.69,30.24,28.87,33.25,0.0
VCAC,2016-02-09T09:00:00Z,33.52,32.43,31.83,35.87,0.0
VCAC,2016-02-10T09:00:00Z,32.81,32.85,29.35,33.46,0.0
VCAC,2016-02-11T09:00:00Z,39.26,35.27,33.63,116.01,0.0
VCAC,2016-02-12T09:00:00Z,35.68,37.26,32.62,38.03,0.0
VCAC,2016-02-15T09:00:00Z,33.11,34.22,30.43,34.41,0.0
VCAC,2016-02-16T09:00:00Z,33.0,32.59,31.75,33.49,0.0
VCAC,2016-02-17T09:00:00Z,29.4,32.7,29.34,32.7,0.0
VCAC,2016-02-18T09:00:00Z,29.8,28.14,26.74,29.98,0.0
VCAC,2016-02-19T09:00:00Z,29.96,29.72,27.8,30.6,0.0
VCAC,2016-02-22T09:00:00Z,28.82,29.13,27.28,29.75,0.0
VCAC,2016-02-23T09:00:00Z,29.43,29.18,28.11,29.64,0.0
VCAC,2016-02-24T09:00:00Z,31.91,29.52,29.39,32.32,0.0
VCAC,2016-02-25T09:00:00Z,29.98,30.8,25.57,31.41,0.0
VCAC,2016-02-26T09:00:00Z,28.21,28.65,26.09,28.83,0.0
VCAC,2016-02-29T09:00:00Z,28.6,30.05,28.42,30.54,0.0
VCAC,2016-03-01T09:00:00Z,27.47,28.79,25.98,28.93,0.0
VCAC,2016-03-02T09:00:00Z,26.11,27.2,24.48,27.27,0.0
VCAC,2016-03-03T09:00:00Z,25.54,26.13,23.85,26.91,0.0
VCAC,2016-03-04T09:00:00Z,23.41,25.38,22.35,25.45,0.0
VCAC,2016-03-07T09:00:00Z,24.94,24.45,24.04,25.57,0.0
VCAC,2016-03-08T09:00:00Z,26.69,26.22,25.58,27.5,0.0
VCAC,2016-03-09T09:00:00Z,26.91,26.21,25.81,27.49,0.0
VCAC,2016-03-10T09:00:00Z,26.02,26.35,20.34,27.52,0.0
VCAC,2016-03-11T09:00:00Z,22.53,24.53,22.41,24.77,0.0
VCAC,2016-03-14T09:00:00Z,21.68,22.61,21.56,23.13,0.0
VCAC,2016-03-15T09:00:00Z,21.83,22.11,21.53,22.51,0.0
VCAC,2016-03-16T09:00:00Z,22.16,21.6,21.21,22.94,0.0
VCAC,2016-03-17T09:00:00Z,21.29,20.73,20.07,23.27,0.0
VCAC,2016-03-18T09:00:00Z,19.2,20.37,19.2,21.68,0.0
VCAC,2016-03-21T09:00:00Z,20.32,20.73,18.48,20.78,0.0
VCAC,2016-03-22T09:00:00Z,20.48,21.16,19.09,22.76,0.0
VCAC,2016-03-23T09:00:00Z,20.56,19.65,17.92,21.86,0.0
VCAC,2016-03-24T09:00:00Z,23.02,21.64,21.23,23.36,0.0
VCAC,2016-03-29T08:00:00Z,23.35,23.51,20.64,24.38,0.0
VCAC,2016-03-30T08:00:00Z,21.05,22.22,19.35,22.29,0.0
VCAC,2016-03-31T08:00:00Z,21.77,21.76,19.55,22.34,0.0
VCAC,2016-04-01T08:00:00Z,23.33,23.31,22.25,24.77,0.0
VCAC,2016-04-04T08:00:00Z,22.9,23.09,21.46,24.66,0.0
VCAC,2016-04-05T08:00:00Z,24.83,24.05,23.03,25.36,0.0
VCAC,2016-04-06T08:00:00Z,23.62,24.92,23.59,24.99,0.0
VCAC,2016-04-07T08:00:00Z,23.87,22.6,21.52,24.71,0.0
VCAC,2016-04-08T08:00:00Z,22.78,23.24,22.16,24.65,0.0
VCAC,2016-04-11T08:00:00Z,22.77,23.63,20.98,24.4,0.0
VCAC,2016-04-12T08:00:00Z,21.78,22.9,21.44,24.22,0.0
VCAC,2016-04-13T08:00:00Z,19.95,21.79,19.87,23.07,0.0
VCAC,2016-04-14T08:00:00Z,19.93,19.96,19.36,20.4,0.0
VCAC,2016-04-15T08:00:00Z,20.02,19.67,19.39,20.37,0.0
VCAC,2016-04-18T08:00:00Z,20.48,22.02,20.42,22.16,0.0
VCAC,2016-04-19T08:00:00Z,19.52,20.19,19.29,20.59,0.0
VCAC,2016-04-20T08:00:00Z,19.36,19.62,16.8,20.12,0.0
VCAC,2016-04-21T08:00:00Z,19.28,18.94,18.93,20.55,0.0
VCAC,2016-04-22T08:00:00Z,19.42,19.38,19.28,20.08,0.0
VCAC,2016-04-25T08:00:00Z,20.65,20.3,20.22,21.45,0.0
VCAC,2016-04-26T08:00:00Z,20.21,20.04,18.03,20.6,0.0
VCAC,2016-04-27T08:00:00Z,20.14,20.2,19.09,21.0,0.0
VCAC,2016-04-28T08:00:00Z,19.84,20.57,19.64,21.54,0.0
VCAC,2016-04-29T08:00:00Z,22.65,20.85,20.04,23.0,0.0
VCAC,2016-05-02T08:00:00Z,23.48,22.68,22.68,23.83,0.0
VCAC,2016-05-03T08:00:00Z,24.5,23.63,23.63,25.33,0.0
VCAC,2016-05-04T08:00:00Z,25.47,24.71,23.07,25.61,0.0
VCAC,2016-05-05T08:00:00Z,24.31,25.21,22.09,25.21,0.0
VCAC,2016-05-06T08:00:00Z,23.43,24.7,22.36,25.01,0.0
VCAC,2016-05-09T08:00:00Z,23.34,23.84,22.68,24.17,0.0
VCAC,2016-05-10T08:00:00Z,22.43,22.97,22.0,23.41,0.0
VCAC,2016-05-11T08:00:00Z,22.22,22.57,21.95,23.24,0.0
VCAC,2016-05-12T08:00:00Z,21.94,22.4,19.15,22.91,0.0
VCAC,2016-05-13T08:00:00Z,21.09,23.13,19.95,23.34,0.0
VCAC,2016-05-16T08:00:00Z,22.35,22.74,22.22,23.15,0.0
VCAC,2016-05-17T08:00:00Z,22.69,21.81,21.37,23.11,0.0
VCAC,2016-05-18T08:00:00Z,21.66,23.22,21.66,23.68,0.0
VCAC,2016-05-19T08:00:00Z,22.65,22.64,20.74,22.78,0.0
VCAC,2016-05-20T08:00:00Z,21.25,21.86,20.98,22.62,0.0
VCAC,2016-05-23T08:00:00Z,21.8,22.07,21.65,23.03,0.0
VCAC,2016-05-24T08:00:00Z,20.23,22.43,20.21,22.52,0.0
VCAC,2016-05-25T08:00:00Z,19.42,20.11,19.34,20.19,0.0
VCAC,2016-05-26T08:00:00Z,19.25,19.36,17.5,19.68,0.0
VCAC,2016-05-27T08:00:00Z,19.04,19.35,17.96,19.84,0.0
VCAC,2016-05-30T08:00:00Z,19.44,19.88,19.44,20.06,0.0
VCAC,2016-05-31T08:00:00Z,20.47,19.43,18.85,20.95,0.0
VCAC,2016-06-01T08:00:00Z,21.99,20.69,20.44,22.68,0.0
VCAC,2016-06-02T08:00:00Z,21.28,22.09,19.6,22.23,0.0
VCAC,2016-06-03T08:00:00Z,21.66,20.98,19.43,22.47,0.0
VCAC,2016-06-09T08:00:00Z,25.23,23.33,22.93,26.29,0.0
VCAC,2016-06-10T08:00:00Z,28.6,25.18,25.18,29.04,0.0
VCAC,2016-06-13T08:00:00Z,32.02,29.79,29.75,33.18,0.0
VCAC,2016-06-14T08:00:00Z,36.35,33.65,32.24,36.35,0.0
VCAC,2016-06-15T08:00:00Z,35.0,35.77,30.63,36.3,0.0
VCAC,2016-06-16T08:00:00Z,34.42,36.08,29.05,39.54,0.0
VCAC,2016-06-17T08:00:00Z,34.88,34.43,24.2,37.11,0.0
VCAC,2016-06-20T08:00:00Z,31.7,34.89,28.78,34.89,0.0
VCAC,2016-06-21T08:00:00Z,32.11,31.75,29.18,32.35,0.0
VCAC,2016-06-22T08:00:00Z,34.11,31.08,29.67,34.5,0.0
VCAC,2016-06-23T08:00:00Z,27.41,33.46,26.06,34.55,0.0
VCAC,2016-06-24T08:00:00Z,31.24,27.42,26.03,59.26,0.0
VCAC,2016-06-27T08:00:00Z,32.54,32.23,29.14,34.01,0.0
VCAC,2016-06-28T08:00:00Z,28.96,30.46,25.06,30.5,0.0
VCAC,2016-06-29T08:00:00Z,26.52,26.78,24.78,27.08,0.0
VCAC,2016-06-30T08:00:00Z,24.05,26.46,23.89,27.09,0.0
VCAC,2016-07-01T08:00:00Z,23.16,23.62,22.86,24.78,0.0
VCAC,2016-07-04T08:00:00Z,23.42,23.39,22.1,23.83,0.0
VCAC,2016-07-05T08:00:00Z,24.9,24.1,22.69,25.92,0.0
VCAC,2016-07-06T08:00:00Z,26.43,25.74,24.83,27.76,0.0
VCAC,2016-07-07T08:00:00Z,24.4,25.03,23.51,25.55,0.0
VCAC,2016-07-08T08:00:00Z,22.11,24.33,21.56,25.49,0.0
VCAC,2016-07-11T08:00:00Z,21.3,22.42,20.79,22.87,0.0
VCAC,2016-07-12T08:00:00Z,20.32,21.21,18.89,21.21,0.0
VCAC,2016-07-13T08:00:00Z,21.07,20.08,19.84,21.43,0.0
VCAC,2016-07-14T08:00:00Z,20.27,20.33,17.94,21.52,0.0
VCAC,2016-07-15T08:00:00Z,19.39,20.84,17.88,21.12,0.0
VCAC,2016-07-18T08:00:00Z,19.59,19.91,19.48,20.68,0.0
VCAC,2016-07-19T08:00:00Z,19.7,20.08,18.26,20.89,0.0
VCAC,2016-07-20T08:00:00Z,19.45,19.42,18.74,19.73,0.0
VCAC,2016-07-21T08:00:00Z,18.09,19.39,17.71,20.15,0.0
VCAC,2016-07-22T08:00:00Z,18.16,18.72,17.64,19.01,0.0
VCAC,2016-07-25T08:00:00Z,18.83,18.94,17.45,19.21,0.0
VCAC,2016-07-26T08:00:00Z,18.81,18.57,18.57,19.65,0.0
VCAC,2016-07-27T08:00:00Z,19.23,18.44,17.38,19.53,0.0
VCAC,2016-07-28T08:00:00Z,19.59,19.1,18.72,19.7,0.0
VCAC,2016-07-29T08:00:00Z,18.89,19.53,17.58,19.81,0.0
VCAC,2016-08-01T08:00:00Z,19.3,18.9,18.22,20.14,0.0
VCAC,2016-08-02T08:00:00Z,21.69,19.66,19.63,22.07,0.0
VCAC,2016-08-03T08:00:00Z,21.64,21.64,20.3,23.0,0.0
VCAC,2016-08-04T08:00:00Z,20.4,21.34,19.94,21.39,0.0
VCAC,2016-08-05T08:00:00Z,18.32,19.67,18.06,19.67,0.0
VCAC,2016-08-08T08:00:00Z,18.11,18.76,17.98,18.76,0.0
VCAC,2016-08-09T08:00:00Z,17.32,18.15,16.99,18.18,0.0
VCAC,2016-08-10T08:00:00Z,18.15,17.58,16.83,18.33,0.0
VCAC,2016-08-11T08:00:00Z,16.88,17.66,16.71,18.37,0.0
VCAC,2016-08-12T08:00:00Z,16.4,16.88,16.4,18.61,0.0
VCAC,2016-08-15T08:00:00Z,17.66,17.56,16.93,18.08,0.0
VCAC,2016-08-16T08:00:00Z,19.08,18.3,17.68,19.41,0.0
VCAC,2016-08-17T08:00:00Z,20.04,19.04,18.97,20.61,0.0
VCAC,2016-08-18T08:00:00Z,19.2,19.5,19.01,19.9,0.0
VCAC,2016-08-19T08:00:00Z,19.87,18.99,18.99,20.48,0.0
VCAC,2016-08-22T08:00:00Z,20.5,20.35,19.51,21.08,0.0
VCAC,2016-08-23T08:00:00Z,19.23,19.99,18.94,20.01,0.0
VCAC,2016-08-24T08:00:00Z,18.94,19.99,18.85,20.12,0.0
VCAC,2016-08-25T08:00:00Z,19.53,19.42,18.97,20.41,0.0
VCAC,2016-08-26T08:00:00Z,18.63,19.85,18.54,20.14,0.0
VCAC,2016-08-29T08:00:00Z,19.32,19.78,18.84,20.43,0.0
VCAC,2016-08-30T08:00:00Z,18.56,19.08,18.07,19.23,0.0
VCAC,2016-08-31T08:00:00Z,18.78,18.78,18.18,19.01,0.0
VCAC,2016-09-01T08:00:00Z,19.37,18.66,18.11,19.68,0.0
VCAC,2016-09-02T08:00:00Z,17.36,18.89,17.28,19.27,0.0
VCAC,2016-09-05T08:00:00Z,17.66,17.9,17.65,18.16,0.0
VCAC,2016-09-06T08:00:00Z,18.12,17.52,16.59,18.26,0.0
VCAC,2016-09-07T08:00:00Z,17.59,17.86,17.59,18.7,0.0
VCAC,2016-09-08T08:00:00Z,15.44,15.78,15.07,19.6,0.0
VCAC,2016-09-09T08:00:00Z,16.54,15.49,14.67,18.43,0.0
VCAC,2016-09-12T08:00:00Z,20.24,19.41,19.4,22.31,0.0
VCAC,2016-09-13T08:00:00Z,21.2,19.35,18.91,21.9,0.0
VCAC,2016-09-14T08:00:00Z,20.73,21.03,20.41,21.67,0.0
VCAC,2016-09-15T08:00:00Z,19.81,21.57,19.12,21.57,0.0
VCAC,2016-09-16T08:00:00Z,20.5,20.18,19.53,21.25,0.0
VCAC,2016-09-19T08:00:00Z,19.29,19.89,19.25,20.47,0.0
VCAC,2016-09-20T08:00:00Z,19.72,19.52,18.88,20.11,0.0
VCAC,2016-09-21T08:00:00Z,19.3,19.04,18.25,19.41,0.0
VCAC,2016-09-22T08:00:00Z,16.59,17.94,16.43,17.94,0.0
VCAC,2016-09-23T08:00:00Z,16.49,16.9,16.44,17.02,0.0
VCAC,2016-09-26T08:00:00Z,19.46,17.93,15.02,19.67,0.0
VCAC,2016-09-27T08:00:00Z,19.77,18.62,18.62,21.07,0.0
VCAC,2016-09-28T08:00:00Z,19.02,18.99,17.31,19.48,0.0
VCAC,2016-09-29T08:00:00Z,19.39,17.87,17.55,19.66,0.0
VCAC,2016-09-30T08:00:00Z,19.28,21.64,18.95,23.16,0.0
VCAC,2016-10-03T08:00:00Z,19.88,20.29,19.38,20.34,0.0
VCAC,2016-10-04T08:00:00Z,18.55,19.27,18.13,19.46,0.0
VCAC,2016-10-05T08:00:00Z,18.8,19.89,17.8,20.48,0.0
VCAC,2016-10-06T08:00:00Z,18.48,18.73,17.31,19.43,0.0
VCAC,2016-10-07T08:00:00Z,19.32,19.25,18.56,20.09,0.0
VCAC,2016-10-10T08:00:00Z,18.68,19.94,18.68,20.6,0.0
VCAC,2016-10-11T08:00:00Z,19.18,18.94,18.19,19.18,0.0
VCAC,2016-10-12T08:00:00Z,19.42,19.38,18.76,19.85,0.0
VCAC,2016-10-13T08:00:00Z,19.65,19.79,19.08,21.12,0.0
VCAC,2016-10-14T08:00:00Z,18.49,19.49,17.5,19.54,0.0
VCAC,2016-10-17T08:00:00Z,19.83,19.79,19.13,20.15,0.0
VCAC,2016-10-18T08:00:00Z,18.47,19.17,18.42,19.43,0.0
VCAC,2016-10-19T08:00:00Z,17.58,18.48,16.78,18.65,0.0
VCAC,2016-10-20T08:00:00Z,16.81,17.69,16.37,18.1,0.0
VCAC,2016-10-21T08:00:00Z,16.4,16.75,16.39,17.77,0.0
VCAC,2016-10-24T08:00:00Z,17.24,17.02,15.7,17.31,0.0
VCAC,2016-10-25T08:00:00Z,17.65,17.13,16.84,17.71,0.0
VCAC,2016-10-26T08:00:00Z,17.95,17.61,17.43,18.49,0.0
VCAC,2016-10-27T08:00:00Z,17.94,18.27,17.14,18.6,0.0
VCAC,2016-10-28T08:00:00Z,18.4,18.53,17.66,19.24,0.0
VCAC,2016-10-31T09:00:00Z,20.33,18.4,18.4,20.69,0.0
VCAC,2016-11-01T09:00:00Z,22.36,19.99,19.17,22.36,0.0
VCAC,2016-11-02T09:00:00Z,22.67,22.89,22.28,23.36,0.0
VCAC,2016-11-03T09:00:00Z,23.0,22.78,21.01,23.31,0.0
VCAC,2016-11-04T09:00:00Z,24.15,23.99,22.26,25.07,0.0
VCAC,2016-11-07T09:00:00Z,22.84,22.66,21.49,23.29,0.0
VCAC,2016-11-08T09:00:00Z,23.25,22.83,22.23,24.21,0.0
VCAC,2016-11-09T09:00:00Z,19.97,23.26,16.97,23.26,0.0
VCAC,2016-11-10T09:00:00Z,20.1,18.89,18.18,21.21,0.0
VCAC,2016-11-11T09:00:00Z,21.16,19.72,19.66,21.82,0.0
VCAC,2016-11-14T09:00:00Z,21.14,20.44,19.8,21.91,0.0
VCAC,2016-11-15T09:00:00Z,19.55,20.78,19.53,21.44,0.0
VCAC,2016-11-16T09:00:00Z,19.96,19.56,18.97,20.83,0.0
VCAC,2016-11-17T09:00:00Z,18.84,19.96,18.84,20.07,0.0
VCAC,2016-11-18T09:00:00Z,19.29,18.68,18.44,20.0,0.0
VCAC,2016-11-21T09:00:00Z,19.35,19.42,18.88,20.38,0.0
VCAC,2016-11-22T09:00:00Z,19.18,18.72,18.71,19.25,0.0
VCAC,2016-11-23T09:00:00Z,19.04,19.14,18.83,19.8,0.0
VCAC,2016-11-24T09:00:00Z,18.96,18.78,17.36,19.26,0.0
VCAC,2016-11-25T09:00:00Z,19.17,18.75,18.56,19.61,0.0
VCAC,2016-11-28T09:00:00Z,21.04,19.8,19.8,21.38,0.0
VCAC,2016-11-29T09:00:00Z,20.52,21.13,17.71,21.37,0.0
VCAC,2016-11-30T09:00:00Z,19.88,20.21,19.48,20.72,0.0
VCAC,2016-12-01T09:00:00Z,20.87,20.36,20.07,21.06,0.0
VCAC,2016-12-02T09:00:00Z,21.07,21.49,20.58,22.34,0.0
VCAC,2016-12-05T09:00:00Z,17.7,17.82,17.02,19.3,0.0
VCAC,2016-12-06T09:00:00Z,16.61,17.62,16.17,17.65,0.0
VCAC,2016-12-07T09:00:00Z,16.16,15.92,15.63,16.62,0.0
VCAC,2016-12-08T09:00:00Z,14.37,13.61,12.8,16.42,0.0
VCAC,2016-12-09T09:00:00Z,14.58,14.23,13.04,15.33,0.0
VCAC,2016-12-12T09:00:00Z,15.66,14.22,14.13,15.88,0.0
VCAC,2016-12-13T09:00:00Z,15.95,15.55,15.25,16.58,0.0
VCAC,2016-12-14T09:00:00Z,16.07,16.42,15.98,16.79,0.0
VCAC,2016-12-15T09:00:00Z,15.12,15.99,11.95,17.08,0.0
VCAC,2016-12-16T09:00:00Z,15.01,15.33,14.15,16.14,0.0
VCAC,2016-12-19T09:00:00Z,15.02,15.62,14.57,15.99,0.0
VCAC,2016-12-20T09:00:00Z,14.8,14.86,14.49,14.93,0.0
VCAC,2016-12-21T09:00:00Z,14.71,14.76,14.16,15.06,0.0
VCAC,2016-12-22T09:00:00Z,14.62,14.48,13.88,14.84,0.0
VCAC,2016-12-23T09:00:00Z,14.82,14.58,14.51,15.18,0.0
VCAC,2016-12-27T09:00:00Z,16.27,15.5,15.48,16.36,0.0
VCAC,2016-12-28T09:00:00Z,16.7,16.15,16.06,16.9,0.0
VCAC,2016-12-29T09:00:00Z,17.36,17.02,16.68,17.43,0.0
VCAC,2016-12-30T09:00:00Z,17.68,17.4,17.19,17.71,0.0
VCAC,2017-01-02T09:00:00Z,16.89,18.35,16.89,18.47,0.0
VCAC,2017-01-03T09:00:00Z,16.83,17.12,16.77,17.45,0.0
VCAC,2017-01-04T09:00:00Z,16.08,16.76,15.82,16.9,0.0
VCAC,2017-01-05T09:00:00Z,15.53,16.24,14.78,16.39,0.0
VCAC,2017-01-06T09:00:00Z,15.0,15.73,14.44,15.98,0.0
VCAC,2017-01-09T09:00:00Z,15.13,15.51,15.04,16.0,0.0
VCAC,2017-01-10T09:00:00Z,15.11,14.96,14.01,15.32,0.0
VCAC,2017-01-11T09:00:00Z,15.38,15.04,12.58,15.88,0.0
VCAC,2017-01-12T09:00:00Z,15.06,14.43,13.63,15.22,0.0
VCAC,2017-01-13T09:00:00Z,13.73,14.62,13.09,14.75,0.0
VCAC,2017-01-16T09:00:00Z,14.83,14.74,14.4,15.18,0.0
VCAC,2017-01-17T09:00:00Z,15.3,15.26,14.86,16.04,0.0
VCAC,2017-01-18T09:00:00Z,14.89,15.32,14.82,15.7,0.0
VCAC,2017-01-19T09:00:00Z,14.72,14.8,14.4,15.21,0.0
VCAC,2017-01-20T09:00:00Z,14.44,14.96,14.37,15.07,0.0
VCAC,2017-01-23T09:00:00Z,16.61,15.74,15.08,16.92,0.0
VCAC,2017-01-24T09:00:00Z,15.94,16.15,15.54,16.69,0.0
VCAC,2017-01-25T09:00:00Z,15.16,15.53,14.76,15.84,0.0
VCAC,2017-01-26T09:00:00Z,15.13,15.18,14.63,15.28,0.0
VCAC,2017-01-27T09:00:00Z,15.37,14.9,13.98,15.77,0.0
VCAC,2017-01-30T09:00:00Z,17.02,16.12,16.12,17.61,0.0
VCAC,2017-01-31T09:00:00Z,17.02,16.8,15.67,17.04,0.0
VCAC,2017-02-01T09:00:00Z,16.13,16.34,14.7,16.48,0.0
VCAC,2017-02-02T09:00:00Z,15.56,16.1,14.99,16.25,0.0
VCAC,2017-02-03T09:00:00Z,14.66,15.29,14.12,15.46,0.0
VCAC,2017-02-06T09:00:00Z,15.83,15.24,14.76,16.06,0.0
VCAC,2017-02-07T09:00:00Z,16.45,15.97,15.34,16.47,0.0
VCAC,2017-02-08T09:00:00Z,16.27,16.08,15.89,17.45,0.0
VCAC,2017-02-09T09:00:00Z,14.42,15.83,14.36,16.05,0.0
VCAC,2017-02-10T09:00:00Z,13.94,14.34,13.63,15.6,0.0
VCAC,2017-02-13T09:00:00Z,14.06,14.51,13.81,14.54,0.0
VCAC,2017-02-14T09:00:00Z,14.18,14.41,13.61,14.6,0.0
VCAC,2017-02-15T09:00:00Z,14.24,14.09,13.58,14.54,0.0
VCAC,2017-02-16T09:00:00Z,14.98,14.25,13.75,15.09,0.0
VCAC,2017-02-17T09:00:00Z,14.55,15.0,14.49,15.69,0.0
VCAC,2017-02-20T09:00:00Z,14.95,14.51,14.34,15.1,0.0
VCAC,2017-02-21T09:00:00Z,14.68,14.86,14.29,15.35,0.0
VCAC,2017-02-22T09:00:00Z,14.81,14.34,14.24,15.47,0.0
VCAC,2017-02-23T09:00:00Z,15.36,14.74,14.43,15.39,0.0
VCAC,2017-02-24T09:00:00Z,16.1,15.37,14.73,17.4,0.0
VCAC,2017-02-27T09:00:00Z,16.36,16.48,13.61,16.71,0.0
VCAC,2017-02-28T09:00:00Z,16.35,16.18,13.62,16.77,0.0
VCAC,2017-03-01T09:00:00Z,15.19,15.61,12.77,15.82,0.0
VCAC,2017-03-02T09:00:00Z,15.12,15.15,14.58,15.49,0.0
VCAC,2017-03-03T09:00:00Z,15.02,15.22,14.17,15.38,0.0
VCAC,2017-03-06T09:00:00Z,15.59,15.72,15.03,15.9,0.0
VCAC,2017-03-07T09:00:00Z,15.3,15.48,14.98,15.66,0.0
VCAC,2017-03-08T09:00:00Z,14.78,15.3,14.45,15.3,0.0
VCAC,2017-03-09T09:00:00Z,0.43,4.39,0.18,9.2,0.0
VCAC,2017-03-10T09:00:00Z,2.94,6.6,1.72,8.64,0.0
VCAC,2017-03-13T09:00:00Z,3.01,3.01,3.01,3.01,0.0
VCAC,2017-03-14T09:00:00Z,10.75,10.31,10.18,10.79,0.0
VCAC,2017-03-15T09:00:00Z,10.6,11.36,9.52,12.34,0.0
VCAC,2017-03-16T09:00:00Z,10.74,10.96,9.9,13.07,0.0
VCAC,2017-03-17T09:00:00Z,10.0,11.22,10.0,12.15,0.0
VCAC,2017-03-20T09:00:00Z,12.53,12.32,12.08,12.72,0.0
VCAC,2017-03-21T09:00:00Z,13.24,12.73,12.04,13.53,0.0
VCAC,2017-03-22T09:00:00Z,13.94,13.93,13.3,14.9,0.0
VCAC,2017-03-23T09:00:00Z,14.48,14.37,14.01,14.64,0.0
VCAC,2017-03-24T09:00:00Z,14.66,14.84,14.43,15.0,0.0
VCAC,2017-03-27T08:00:00Z,16.24,16.63,16.24,16.88,0.0
VCAC,2017-03-28T08:00:00Z,15.78,16.23,15.7,16.25,0.0
VCAC,2017-03-29T08:00:00Z,15.91,15.85,15.78,16.29,0.0
VCAC,2017-03-30T08:00:00Z,16.25,15.97,15.95,16.4,0.0
VCAC,2017-03-31T08:00:00Z,16.72,16.52,16.51,17.02,0.0
VCAC,2017-04-03T08:00:00Z,18.35,17.98,17.86,18.44,0.0
VCAC,2017-04-04T08:00:00Z,18.49,18.51,18.42,18.88,0.0
VCAC,2017-04-05T08:00:00Z,19.39,18.55,18.51,19.39,0.0
VCAC,2017-04-06T08:00:00Z,19.61,19.77,19.12,20.05,0.0
VCAC,2017-04-07T08:00:00Z,20.58,19.95,19.95,20.89,0.0
VCAC,2017-04-10T08:00:00Z,23.46,21.77,21.69,23.46,0.0
VCAC,2017-04-11T08:00:00Z,24.44,24.14,20.09,25.35,0.0
VCAC,2017-04-12T08:00:00Z,24.06,24.27,20.19,24.58,0.0
VCAC,2017-04-13T08:00:00Z,26.38,26.4,24.76,27.08,0.0
VCAC,2017-04-18T08:00:00Z,28.07,26.84,26.72,30.16,0.0
VCAC,2017-04-19T08:00:00Z,27.0,28.28,26.82,28.44,0.0
VCAC,2017-04-20T08:00:00Z,27.6,27.21,26.34,27.92,0.0
VCAC,2017-04-21T08:00:00Z,28.15,28.35,27.81,29.47,0.0
VCAC,2017-04-24T08:00:00Z,16.98,17.0,16.52,18.74,0.0
VCAC,2017-04-25T08:00:00Z,16.33,16.47,16.12,16.79,0.0
VCAC,2017-04-26T08:00:00Z,16.24,15.87,15.48,16.51,0.0
VCAC,2017-04-27T08:00:00Z,17.7,16.53,16.41,17.73,0.0
VCAC,2017-04-28T08:00:00Z,18.61,17.36,17.2,19.18,0.0
VCAC,2017-05-02T08:00:00Z,18.43,18.64,18.13,19.45,0.0
VCAC,2017-05-03T08:00:00Z,18.64,18.54,18.53,19.55,0.0
VCAC,2017-05-04T08:00:00Z,17.85,17.88,17.25,18.63,0.0
VCAC,2017-05-05T08:00:00Z,18.93,17.61,15.84,20.48,0.0
VCAC,2017-05-08T08:00:00Z,14.4,12.06,11.85,29.5,0.0
VCAC,2017-05-09T08:00:00Z,14.28,13.88,13.52,14.46,0.0
VCAC,2017-05-10T08:00:00Z,13.74,14.1,13.21,15.66,0.0
VCAC,2017-05-11T08:00:00Z,14.37,13.87,13.07,15.39,0.0
VCAC,2017-05-12T08:00:00Z,13.44,13.77,13.31,14.68,0.0
VCAC,2017-05-15T08:00:00Z,13.72,13.61,13.58,14.59,0.0
VCAC,2017-05-16T08:00:00Z,13.06,13.72,12.76,14.02,0.0
VCAC,2017-05-17T08:00:00Z,15.5,13.67,12.79,16.32,0.0
VCAC,2017-05-18T08:00:00Z,16.63,15.55,14.83,20.87,0.0
VCAC,2017-05-19T08:00:00Z,15.25,15.85,14.55,16.1,0.0
VCAC,2017-05-22T08:00:00Z,14.22,14.93,13.84,15.82,0.0
VCAC,2017-05-23T08:00:00Z,13.48,14.31,12.65,14.36,0.0
VCAC,2017-05-24T08:00:00Z,13.62,13.62,13.06,13.84,0.0
VCAC,2017-05-25T08:00:00Z,13.6,13.2,13.12,14.11,0.0
VCAC,2017-05-26T08:00:00Z,13.59,13.67,13.4,14.61,0.0
VCAC,2017-05-29T08:00:00Z,14.2,13.99,13.97,14.42,0.0
VCAC,2017-05-30T08:00:00Z,14.3,14.73,14.01,15.07,0.0
VCAC,2017-05-31T08:00:00Z,14.33,14.11,13.4,14.61,0.0
VCAC,2017-06-01T08:00:00Z,13.41,14.27,12.77,14.27,0.0
VCAC,2017-06-02T08:00:00Z,12.65,13.31,12.57,13.53,0.0
VCAC,2017-06-05T08:00:00Z,13.48,13.12,12.95,13.69,0.0
VCAC,2017-06-06T08:00:00Z,13.9,13.77,13.5,14.3,0.0
VCAC,2017-06-07T08:00:00Z,14.03,13.85,13.49,14.3,0.0
VCAC,2017-06-08T08:00:00Z,13.0,13.29,11.69,14.96,0.0
VCAC,2017-06-09T08:00:00Z,12.32,12.07,11.84,14.27,0.0
VCAC,2017-06-12T08:00:00Z,13.58,13.07,10.32,73.74,0.0
VCAC,2017-06-13T08:00:00Z,12.78,12.96,12.23,14.08,0.0
VCAC,2017-06-14T08:00:00Z,13.04,12.53,7.5,13.83,0.0
VCAC,2017-06-15T08:00:00Z,14.36,13.4,9.7,73.74,0.0
VCAC,2017-06-16T08:00:00Z,13.68,13.32,13.0,14.86,0.0
VCAC,2017-06-19T08:00:00Z,12.94,13.14,12.46,13.49,0.0
VCAC,2017-06-20T08:00:00Z,13.88,12.7,11.92,13.89,0.0
VCAC,2017-06-21T08:00:00Z,14.27,15.04,12.51,16.01,0.0
VCAC,2017-06-22T08:00:00Z,14.08,14.76,13.88,15.23,0.0
VCAC,2017-06-23T08:00:00Z,14.18,14.1,13.36,14.78,0.0
VCAC,2017-06-26T08:00:00Z,13.73,13.91,12.85,14.01,0.0
VCAC,2017-06-27T08:00:00Z,14.8,14.18,13.9,15.01,0.0
VCAC,2017-06-28T08:00:00Z,14.82,15.69,13.64,16.08,0.0
VCAC,2017-06-29T08:00:00Z,17.48,14.63,14.22,17.74,0.0
VCAC,2017-06-30T08:00:00Z,16.86,17.0,15.55,17.24,0.0
VCAC,2017-07-03T08:00:00Z,14.31,16.56,14.21,16.68,0.0
VCAC,2017-07-04T08:00:00Z,14.23,14.52,14.05,14.72,0.0
VCAC,2017-07-05T08:00:00Z,14.36,14.52,14.15,15.16,0.0
VCAC,2017-07-06T08:00:00Z,15.11,14.42,14.29,16.21,0.0
VCAC,2017-07-07T08:00:00Z,15.0,15.24,14.61,15.76,0.0
VCAC,2017-07-10T08:00:00Z,14.37,14.98,14.25,15.16,0.0
VCAC,2017-07-11T08:00:00Z,14.54,14.12,13.94,14.6,0.0
VCAC,2017-07-12T08:00:00Z,13.36,13.96,13.17,13.99,0.0
VCAC,2017-07-13T08:00:00Z,12.37,12.77,12.08,12.91,0.0
VCAC,2017-07-14T08:00:00Z,12.06,12.2,11.58,12.32,0.0
VCAC,2017-07-17T08:00:00Z,11.91,12.24,11.85,12.86,0.0
VCAC,2017-07-18T08:00:00Z,13.16,12.16,12.02,13.39,0.0
VCAC,2017-07-19T08:00:00Z,12.93,12.99,12.4,13.46,0.0
VCAC,2017-07-20T08:00:00Z,12.86,12.37,11.01,13.4,0.0
VCAC,2017-07-21T08:00:00Z,14.46,12.61,12.23,15.42,0.0
VCAC,2017-07-24T08:00:00Z,14.55,14.61,14.0,15.14,0.0
VCAC,2017-07-25T08:00:00Z,13.04,14.05,12.67,14.05,0.0
VCAC,2017-07-26T08:00:00Z,12.56,12.98,12.06,13.02,0.0
VCAC,2017-07-27T08:00:00Z,12.59,12.27,12.16,12.88,0.0
VCAC,2017-07-28T08:00:00Z,13.2,13.02,13.01,14.36,0.0
VCAC,2017-07-31T08:00:00Z,13.48,13.4,12.92,13.92,0.0
VCAC,2017-08-01T08:00:00Z,13.04,13.08,12.62,13.58,0.0
VCAC,2017-08-02T08:00:00Z,13.24,12.96,12.33,13.67,0.0
VCAC,2017-08-03T08:00:00Z,13.57,13.39,13.04,15.75,0.0
VCAC,2017-08-04T08:00:00Z,12.51,13.19,10.92,13.64,0.0
VCAC,2017-08-07T08:00:00Z,12.55,12.72,12.52,13.24,0.0
VCAC,2017-08-08T08:00:00Z,12.54,12.65,11.88,12.98,0.0
VCAC,2017-08-09T08:00:00Z,14.56,12.84,12.84,14.86,0.0
VCAC,2017-08-10T08:00:00Z,17.52,14.14,13.38,18.62,0.0
VCAC,2017-08-11T08:00:00Z,18.36,18.85,15.99,22.62,0.0
VCAC,2017-08-14T08:00:00Z,14.4,16.25,12.46,16.89,0.0
VCAC,2017-08-15T08:00:00Z,13.75,13.53,13.1,15.1,0.0
VCAC,2017-08-16T08:00:00Z,13.16,13.3,12.9,14.14,0.0
VCAC,2017-08-17T08:00:00Z,14.19,13.61,13.29,14.99,0.0
VCAC,2017-08-18T08:00:00Z,17.11,16.04,15.31,18.07,0.0
VCAC,2017-08-21T08:00:00Z,17.6,17.15,15.67,17.78,0.0
VCAC,2017-08-22T08:00:00Z,15.55,15.22,15.15,16.62,0.0
VCAC,2017-08-23T08:00:00Z,15.11,15.45,14.14,16.13,0.0
VCAC,2017-08-24T08:00:00Z,14.57,14.51,14.18,15.12,0.0
VCAC,2017-08-25T08:00:00Z,14.03,14.22,13.8,14.95,0.0
VCAC,2017-08-28T08:00:00Z,14.56,14.9,14.56,15.62,0.0
VCAC,2017-08-29T08:00:00Z,15.99,15.84,15.64,17.91,0.0
VCAC,2017-08-30T08:00:00Z,14.9,15.0,14.46,15.96,0.0
VCAC,2017-08-31T08:00:00Z,14.73,15.12,14.18,15.12,0.0
VCAC,2017-09-01T08:00:00Z,13.51,14.34,13.23,14.34,0.0
VCAC,2017-09-04T08:00:00Z,15.47,14.77,14.43,15.62,0.0
VCAC,2017-09-05T08:00:00Z,15.59,15.06,14.3,16.03,0.0
VCAC,2017-09-06T08:00:00Z,14.95,16.0,14.58,16.14,0.0
VCAC,2017-09-07T08:00:00Z,12.33,13.04,11.94,14.76,0.0
VCAC,2017-09-08T08:00:00Z,13.65,12.9,12.48,15.59,0.0
VCAC,2017-09-11T08:00:00Z,12.28,12.45,11.6,13.1,0.0
VCAC,2017-09-12T08:00:00Z,11.86,11.64,10.98,12.56,0.0
VCAC,2017-09-13T08:00:00Z,11.37,12.14,11.16,12.6,0.0
VCAC,2017-09-14T08:00:00Z,11.38,11.38,10.24,12.33,0.0
VCAC,2017-09-15T08:00:00Z,11.47,11.78,10.78,12.6,0.0
VCAC,2017-09-18T08:00:00Z,11.52,11.71,10.28,11.92,0.0
VCAC,2017-09-19T08:00:00Z,10.77,11.44,10.77,11.55,0.0
VCAC,2017-09-20T08:00:00Z,11.09,10.73,10.44,11.85,0.0
VCAC,2017-09-21T08:00:00Z,10.68,10.62,10.2,11.36,0.0
VCAC,2017-09-22T08:00:00Z,11.34,10.65,10.5,11.49,0.0
VCAC,2017-09-25T08:00:00Z,11.94,11.77,11.38,12.19,0.0
VCAC,2017-09-26T08:00:00Z,11.96,12.05,11.56,12.05,0.0
VCAC,2017-09-27T08:00:00Z,11.77,11.7,11.29,11.92,0.0
VCAC,2017-09-28T08:00:00Z,11.68,11.76,11.61,11.99,0.0
VCAC,2017-09-29T08:00:00Z,11.39,11.44,11.39,12.03,0.0
VCAC,2017-10-02T08:00:00Z,11.39,11.7,11.38,11.85,0.0
VCAC,2017-10-03T08:00:00Z,11.24,11.19,11.11,11.45,0.0
VCAC,2017-10-04T08:00:00Z,11.97,11.28,11.24,12.45,0.0
VCAC,2017-10-05T08:00:00Z,11.46,12.12,11.43,12.12,0.0
VCAC,2017-10-06T08:00:00Z,11.57,11.44,11.44,11.8,0.0
VCAC,2017-10-09T08:00:00Z,11.85,11.84,11.72,12.2,0.0
VCAC,2017-10-10T08:00:00Z,12.53,11.86,11.86,12.69,0.0
VCAC,2017-10-11T08:00:00Z,11.94,12.14,11.89,12.55,0.0
VCAC,2017-10-12T08:00:00Z,10.86,11.31,10.51,11.52,0.0
VCAC,2017-10-13T08:00:00Z,10.64,10.9,5.57,69.61,0.0
VCAC,2017-10-16T08:00:00Z,11.38,11.25,10.53,11.5,0.0
VCAC,2017-10-17T08:00:00Z,10.81,10.94,10.39,11.16,0.0
VCAC,2017-10-18T08:00:00Z,10.81,10.81,10.81,10.81,0.0
VCAC,2017-10-19T08:00:00Z,11.51,10.81,10.81,12.24,0.0
VCAC,2017-10-20T08:00:00Z,11.82,10.92,10.88,12.18,0.0
VCAC,2017-10-23T08:00:00Z,11.98,11.8,11.39,12.28,0.0
VCAC,2017-10-24T08:00:00Z,12.22,11.83,11.64,12.44,0.0
VCAC,2017-10-25T08:00:00Z,13.83,12.37,12.03,13.95,0.0
VCAC,2017-10-26T08:00:00Z,12.07,13.16,11.97,13.88,0.0
VCAC,2017-10-27T08:00:00Z,11.74,11.82,11.53,12.14,0.0
VCAC,2017-10-30T09:00:00Z,12.06,12.02,11.67,12.12,0.0
VCAC,2017-10-31T09:00:00Z,11.31,11.85,11.1,12.02,0.0
VCAC,2017-11-01T09:00:00Z,11.04,11.08,10.57,11.44,0.0
VCAC,2017-11-02T09:00:00Z,11.33,11.44,11.31,12.63,0.0
VCAC,2017-11-03T09:00:00Z,11.0,11.38,10.82,11.5,0.0
VCAC,2017-11-06T09:00:00Z,11.0,11.19,10.33,11.64,0.0
VCAC,2017-11-07T09:00:00Z,11.37,10.74,10.65,11.72,0.0
VCAC,2017-11-08T09:00:00Z,11.78,11.3,10.89,12.16,0.0
VCAC,2017-11-09T09:00:00Z,12.6,11.07,11.04,13.82,0.0
VCAC,2017-11-10T09:00:00Z,13.42,12.82,12.48,13.83,0.0
VCAC,2017-11-13T09:00:00Z,13.46,13.52,12.73,15.02,0.0
VCAC,2017-11-14T09:00:00Z,14.69,13.43,12.7,14.69,0.0
VCAC,2017-11-15T09:00:00Z,14.56,14.68,14.37,15.33,0.0
VCAC,2017-11-16T09:00:00Z,13.81,14.23,13.33,14.26,0.0
VCAC,2017-11-17T09:00:00Z,13.61,13.68,12.8,14.04,0.0
VCAC,2017-11-20T09:00:00Z,12.63,14.15,12.62,14.18,0.0
VCAC,2017-11-21T09:00:00Z,11.88,12.62,11.66,12.74,0.0
VCAC,2017-11-22T09:00:00Z,11.53,11.64,11.06,11.68,0.0
VCAC,2017-11-23T09:00:00Z,11.54,11.95,11.28,12.09,0.0
VCAC,2017-11-24T09:00:00Z,11.65,11.54,11.27,11.78,0.0
VCAC,2017-11-27T09:00:00Z,11.9,11.63,11.14,12.61,0.0
VCAC,2017-11-28T09:00:00Z,11.65,12.04,11.55,12.56,0.0
VCAC,2017-11-29T09:00:00Z,12.19,11.63,11.22,12.29,0.0
VCAC,2017-11-30T09:00:00Z,12.02,12.01,11.37,12.32,0.0
VCAC,2017-12-01T09:00:00Z,14.72,12.02,12.01,14.78,0.0
VCAC,2017-12-04T09:00:00Z,12.46,12.71,11.95,13.36,0.0
VCAC,2017-12-05T09:00:00Z,11.93,12.31,11.93,13.11,0.0
VCAC,2017-12-06T09:00:00Z,12.56,12.82,12.34,13.2,0.0
VCAC,2017-12-07T09:00:00Z,11.53,11.27,10.58,12.04,0.0
VCAC,2017-12-08T09:00:00Z,9.35,10.4,8.37,10.93,0.0
VCAC,2017-12-11T09:00:00Z,10.5,10.57,10.35,11.74,0.0
VCAC,2017-12-12T09:00:00Z,10.16,10.72,9.74,11.44,0.0
VCAC,2017-12-13T09:00:00Z,10.47,9.75,9.74,11.42,0.0
VCAC,2017-12-14T09:00:00Z,10.73,10.48,9.72,11.29,0.0
VCAC,2017-12-15T09:00:00Z,10.79,11.12,10.66,12.14,0.0
VCAC,2017-12-18T09:00:00Z,9.58,10.45,9.51,10.49,0.0
VCAC,2017-12-19T09:00:00Z,10.0,9.54,9.28,10.1,0.0
VCAC,2017-12-20T09:00:00Z,11.37,9.97,9.84,11.62,0.0
VCAC,2017-12-21T09:00:00Z,10.6,11.49,10.59,12.17,0.0
VCAC,2017-12-22T09:00:00Z,10.76,10.71,10.36,11.02,0.0
VCAC,2017-12-27T09:00:00Z,11.58,9.92,9.92,11.93,0.0
VCAC,2017-12-28T09:00:00Z,12.19,11.62,11.35,12.33,0.0
VCAC,2017-12-29T09:00:00Z,12.41,12.14,11.62,12.58,0.0
VCAC,2018-01-02T09:00:00Z,12.3,13.12,12.2,13.3,0.0
VCAC,2018-01-03T09:00:00Z,10.85,11.84,10.76,11.84,0.0
VCAC,2018-01-04T09:00:00Z,10.54,10.66,9.53,11.02,0.0
VCAC,2018-01-05T09:00:00Z,10.2,10.1,10.1,10.75,0.0
VCAC,2018-01-08T09:00:00Z,10.63,10.45,10.33,10.9,0.0
VCAC,2018-01-09T09:00:00Z,10.44,10.68,10.39,10.82,0.0
VCAC,2018-01-10T09:00:00Z,10.84,10.51,10.21,11.23,0.0
VCAC,2018-01-11T09:00:00Z,10.04,9.73,9.53,10.48,0.0
VCAC,2018-01-12T09:00:00Z,9.59,9.89,9.39,10.16,0.0
VCAC,2018-01-15T09:00:00Z,10.05,10.27,9.96,10.54,0.0
VCAC,2018-01-16T09:00:00Z,10.54,10.13,10.02,10.79,0.0
VCAC,2018-01-17T09:00:00Z,11.25,10.61,10.32,11.58,0.0
VCAC,2018-01-18T09:00:00Z,11.31,11.07,11.01,11.62,0.0
VCAC,2018-01-19T09:00:00Z,11.05,11.07,10.99,11.61,0.0
VCAC,2018-01-22T09:00:00Z,11.18,11.32,11.0,11.5,0.0
VCAC,2018-01-23T09:00:00Z,11.31,11.08,10.93,11.45,0.0
VCAC,2018-01-24T09:00:00Z,11.82,11.33,11.04,11.82,0.0
VCAC,2018-01-25T09:00:00Z,12.08,12.14,11.58,12.55,0.0
VCAC,2018-01-26T09:00:00Z,11.81,11.4,11.4,11.89,0.0
VCAC,2018-01-29T09:00:00Z,12.47,12.25,12.13,12.68,0.0
VCAC,2018-01-30T09:00:00Z,13.99,12.98,12.44,14.99,0.0
VCAC,2018-01-31T09:00:00Z,14.36,13.44,12.66,14.49,0.0
VCAC,2018-02-01T09:00:00Z,15.16,13.54,13.02,16.07,0.0
VCAC,2018-02-02T09:00:00Z,16.37,15.11,13.96,16.41,0.0
VCAC,2018-02-05T09:00:00Z,17.75,14.57,13.53,18.16,0.0
VCAC,2018-02-06T09:00:00Z,24.76,17.76,6.11,24.76,0.0
VCAC,2018-02-07T09:00:00Z,17.76,24.76,17.09,75.95,0.0
VCAC,2018-02-08T09:00:00Z,30.45,17.75,13.9,96.27,0.0
VCAC,2018-02-09T09:00:00Z,27.83,26.62,12.67,36.54,0.0
VCAC,2018-02-12T09:00:00Z,26.44,27.84,19.57,28.41,0.0
VCAC,2018-02-13T09:00:00Z,23.42,25.9,21.32,28.61,0.0
VCAC,2018-02-14T09:00:00Z,19.17,23.63,17.48,23.96,0.0
VCAC,2018-02-15T09:00:00Z,17.8,16.33,15.55,19.76,0.0
VCAC,2018-02-16T09:00:00Z,16.4,17.98,15.86,18.7,0.0
VCAC,2018-02-19T09:00:00Z,17.7,16.56,15.7,17.93,0.0
VCAC,2018-02-20T09:00:00Z,17.31,17.53,16.22,18.64,0.0
VCAC,2018-02-21T09:00:00Z,16.95,17.72,16.41,18.49,0.0
VCAC,2018-02-22T09:00:00Z,17.07,18.47,16.5,18.68,0.0
VCAC,2018-02-23T09:00:00Z,16.55,17.15,16.4,17.36,0.0
VCAC,2018-02-26T09:00:00Z,14.84,16.33,14.84,16.33,0.0
VCAC,2018-02-27T09:00:00Z,16.23,15.14,14.73,16.5,0.0
VCAC,2018-02-28T09:00:00Z,16.36,16.42,14.19,16.86,0.0
VCAC,2018-03-01T09:00:00Z,18.66,15.98,15.51,19.43,0.0
VCAC,2018-03-02T09:00:00Z,20.48,19.74,17.26,22.34,0.0
VCAC,2018-03-05T09:00:00Z,17.95,19.57,14.89,20.27,0.0
VCAC,2018-03-06T09:00:00Z,17.66,16.53,15.76,17.66,0.0
VCAC,2018-03-07T09:00:00Z,17.31,17.27,16.94,18.83,0.0
VCAC,2018-03-08T09:00:00Z,14.34,15.7,13.65,20.38,0.0
VCAC,2018-03-09T09:00:00Z,13.3,13.97,12.48,15.49,0.0
VCAC,2018-03-12T09:00:00Z,13.52,14.34,13.36,15.42,0.0
VCAC,2018-03-13T09:00:00Z,14.44,13.98,12.28,14.8,0.0
VCAC,2018-03-14T09:00:00Z,15.49,12.97,18.07,14.08,0.0
VCAC,2018-03-15T09:00:00Z,14.16,13.46,17.98,13.81,0.0
VCAC,2018-03-16T09:00:00Z,12.35,12.21,14.82,13.35,0.0
VCAC,2018-03-19T09:00:00Z,15.44,12.97,15.58,13.13,0.0
VCAC,2018-03-20T09:00:00Z,13.76,13.64,15.47,14.32,0.0
VCAC,2018-03-21T09:00:00Z,13.85,13.19,14.96,13.7,0.0
VCAC,2018-03-22T09:00:00Z,16.73,13.49,18.84,15.3,0.0
VCAC,2018-03-23T09:00:00Z,19.07,17.05,21.5,17.94,0.0
VCAC,2018-03-26T08:00:00Z,20.22,16.9,21.63,19.22,0.0
VCAC,2018-03-27T08:00:00Z,17.62,16.19,18.18,16.46,0.0
VCAC,2018-03-28T08:00:00Z,18.12,16.24,19.91,17.91,0.0
VCAC,2018-03-29T08:00:00Z,15.99,14.89,17.57,16.09,0.0
VCAC,2018-04-03T08:00:00Z,17.29,16.31,18.56,16.77,0.0
VCAC,2018-04-04T08:00:00Z,18.45,16.74,19.49,16.82,0.0
VCAC,2018-04-05T08:00:00Z,15.89,13.39,17.02,15.71,0.0
VCAC,2018-04-06T08:00:00Z,16.47,14.67,17.29,14.67,0.0
VCAC,2018-04-09T08:00:00Z,16.01,14.64,16.42,16.12,0.0
VCAC,2018-04-10T08:00:00Z,15.27,13.45,16.13,13.45,0.0
VCAC,2018-04-11T08:00:00Z,15.82,15.01,16.89,15.11,0.0
VCAC,2018-04-12T08:00:00Z,14.28,14.01,16.55,14.83,0.0
